"canonical_gene_id"	"feature_id"
"MtrunA17Chr0c01g0489311"	"MtrunA17Chr0c01g0489311"
"MtrunA17Chr0c03g0490031"	"MtrunA17Chr0c03g0490031"
"MtrunA17Chr1g0146151"	"MtrunA17Chr1g0146151"
"MtrunA17Chr1g0146281"	"MtrunA17Chr1g0146281"
"MtrunA17Chr1g0146681"	"MtrunA17Chr1g0146681"
"MtrunA17Chr1g0146701"	"MtrunA17Chr1g0146701"
"MtrunA17Chr1g0146811"	"MtrunA17Chr1g0146811"
"MtrunA17Chr1g0146931"	"MtrunA17Chr1g0146931"
"MtrunA17Chr1g0147021"	"MtrunA17Chr1g0147021"
"MtrunA17Chr1g0147051"	"MtrunA17Chr1g0147051"
"MtrunA17Chr1g0147161"	"MtrunA17Chr1g0147161"
"MtrunA17Chr1g0147401"	"MtrunA17Chr1g0147401"
"MtrunA17Chr1g0147611"	"MtrunA17Chr1g0147611"
"MtrunA17Chr1g0148121"	"MtrunA17Chr1g0148121"
"MtrunA17Chr1g0148251"	"MtrunA17Chr1g0148251"
"MtrunA17Chr1g0148791"	"MtrunA17Chr1g0148791"
"MtrunA17Chr1g0148921"	"MtrunA17Chr1g0148921"
"MtrunA17Chr1g0149451"	"MtrunA17Chr1g0149451"
"MtrunA17Chr1g0149961"	"MtrunA17Chr1g0149961"
"MtrunA17Chr1g0150121"	"MtrunA17Chr1g0150121"
"MtrunA17Chr1g0150601"	"MtrunA17Chr1g0150601"
"MtrunA17Chr1g0151141"	"MtrunA17Chr1g0151141"
"MtrunA17Chr1g0151201"	"MtrunA17Chr1g0151201"
"MtrunA17Chr1g0151691"	"MtrunA17Chr1g0151691"
"MtrunA17Chr1g0151851"	"MtrunA17Chr1g0151851"
"MtrunA17Chr1g0152061"	"MtrunA17Chr1g0152061"
"MtrunA17Chr1g0152431"	"MtrunA17Chr1g0152431"
"MtrunA17Chr1g0152611"	"MtrunA17Chr1g0152611"
"MtrunA17Chr1g0152781"	"MtrunA17Chr1g0152781"
"MtrunA17Chr1g0152981"	"MtrunA17Chr1g0152981"
"MtrunA17Chr1g0153211"	"MtrunA17Chr1g0153211"
"MtrunA17Chr1g0153431"	"MtrunA17Chr1g0153431"
"MtrunA17Chr1g0153441"	"MtrunA17Chr1g0153441"
"MtrunA17Chr1g0153681"	"MtrunA17Chr1g0153681"
"MtrunA17Chr1g0153781"	"MtrunA17Chr1g0153781"
"MtrunA17Chr1g0153831"	"MtrunA17Chr1g0153831"
"MtrunA17Chr1g0154641"	"MtrunA17Chr1g0154641"
"MtrunA17Chr1g0154681"	"MtrunA17Chr1g0154681"
"MtrunA17Chr1g0155001"	"MtrunA17Chr1g0155001"
"MtrunA17Chr1g0155191"	"MtrunA17Chr1g0155191"
"MtrunA17Chr1g0155511"	"MtrunA17Chr1g0155511"
"MtrunA17Chr1g0155601"	"MtrunA17Chr1g0155601"
"MtrunA17Chr1g0155911"	"MtrunA17Chr1g0155911"
"MtrunA17Chr1g0156731"	"MtrunA17Chr1g0156731"
"MtrunA17Chr1g0157021"	"MtrunA17Chr1g0157021"
"MtrunA17Chr1g0157181"	"MtrunA17Chr1g0157181"
"MtrunA17Chr1g0157201"	"MtrunA17Chr1g0157201"
"MtrunA17Chr1g0157341"	"MtrunA17Chr1g0157341"
"MtrunA17Chr1g0157491"	"MtrunA17Chr1g0157491"
"MtrunA17Chr1g0158811"	"MtrunA17Chr1g0158811"
"MtrunA17Chr1g0158821"	"MtrunA17Chr1g0158821"
"MtrunA17Chr1g0159321"	"MtrunA17Chr1g0159321"
"MtrunA17Chr1g0160121"	"MtrunA17Chr1g0160121"
"MtrunA17Chr1g0160161"	"MtrunA17Chr1g0160161"
"MtrunA17Chr1g0160201"	"MtrunA17Chr1g0160201"
"MtrunA17Chr1g0160211"	"MtrunA17Chr1g0160211"
"MtrunA17Chr1g0160301"	"MtrunA17Chr1g0160301"
"MtrunA17Chr1g0160511"	"MtrunA17Chr1g0160511"
"MtrunA17Chr1g0160841"	"MtrunA17Chr1g0160841"
"MtrunA17Chr1g0161021"	"MtrunA17Chr1g0161021"
"MtrunA17Chr1g0161061"	"MtrunA17Chr1g0161061"
"MtrunA17Chr1g0161131"	"MtrunA17Chr1g0161131"
"MtrunA17Chr1g0161251"	"MtrunA17Chr1g0161251"
"MtrunA17Chr1g0161451"	"MtrunA17Chr1g0161451"
"MtrunA17Chr1g0161631"	"MtrunA17Chr1g0161631"
"MtrunA17Chr1g0162731"	"MtrunA17Chr1g0162731"
"MtrunA17Chr1g0163521"	"MtrunA17Chr1g0163521"
"MtrunA17Chr1g0164931"	"MtrunA17Chr1g0164931"
"MtrunA17Chr1g0165031"	"MtrunA17Chr1g0165031"
"MtrunA17Chr1g0165451"	"MtrunA17Chr1g0165451"
"MtrunA17Chr1g0166281"	"MtrunA17Chr1g0166281"
"MtrunA17Chr1g0166441"	"MtrunA17Chr1g0166441"
"MtrunA17Chr1g0166691"	"MtrunA17Chr1g0166691"
"MtrunA17Chr1g0166811"	"MtrunA17Chr1g0166811"
"MtrunA17Chr1g0167721"	"MtrunA17Chr1g0167721"
"MtrunA17Chr1g0167751"	"MtrunA17Chr1g0167751"
"MtrunA17Chr1g0168031"	"MtrunA17Chr1g0168031"
"MtrunA17Chr1g0168471"	"MtrunA17Chr1g0168471"
"MtrunA17Chr1g0168511"	"MtrunA17Chr1g0168511"
"MtrunA17Chr1g0168581"	"MtrunA17Chr1g0168581"
"MtrunA17Chr1g0168631"	"MtrunA17Chr1g0168631"
"MtrunA17Chr1g0169121"	"MtrunA17Chr1g0169121"
"MtrunA17Chr1g0169271"	"MtrunA17Chr1g0169271"
"MtrunA17Chr1g0169341"	"MtrunA17Chr1g0169341"
"MtrunA17Chr1g0169451"	"MtrunA17Chr1g0169451"
"MtrunA17Chr1g0169461"	"MtrunA17Chr1g0169461"
"MtrunA17Chr1g0170871"	"MtrunA17Chr1g0170871"
"MtrunA17Chr1g0171001"	"MtrunA17Chr1g0171001"
"MtrunA17Chr1g0171271"	"MtrunA17Chr1g0171271"
"MtrunA17Chr1g0171291"	"MtrunA17Chr1g0171291"
"MtrunA17Chr1g0171421"	"MtrunA17Chr1g0171421"
"MtrunA17Chr1g0171481"	"MtrunA17Chr1g0171481"
"MtrunA17Chr1g0171931"	"MtrunA17Chr1g0171931"
"MtrunA17Chr1g0172611"	"MtrunA17Chr1g0172611"
"MtrunA17Chr1g0172941"	"MtrunA17Chr1g0172941"
"MtrunA17Chr1g0173181"	"MtrunA17Chr1g0173181"
"MtrunA17Chr1g0173391"	"MtrunA17Chr1g0173391"
"MtrunA17Chr1g0173521"	"MtrunA17Chr1g0173521"
"MtrunA17Chr1g0174141"	"MtrunA17Chr1g0174141"
"MtrunA17Chr1g0174581"	"MtrunA17Chr1g0174581"
"MtrunA17Chr1g0175561"	"MtrunA17Chr1g0175561"
"MtrunA17Chr1g0176191"	"MtrunA17Chr1g0176191"
"MtrunA17Chr1g0176471"	"MtrunA17Chr1g0176471"
"MtrunA17Chr1g0177101"	"MtrunA17Chr1g0177101"
"MtrunA17Chr1g0177141"	"MtrunA17Chr1g0177141"
"MtrunA17Chr1g0177301"	"MtrunA17Chr1g0177301"
"MtrunA17Chr1g0177391"	"MtrunA17Chr1g0177391"
"MtrunA17Chr1g0177671"	"MtrunA17Chr1g0177671"
"MtrunA17Chr1g0178301"	"MtrunA17Chr1g0178301"
"MtrunA17Chr1g0178401"	"MtrunA17Chr1g0178401"
"MtrunA17Chr1g0178491"	"MtrunA17Chr1g0178491"
"MtrunA17Chr1g0179021"	"MtrunA17Chr1g0179021"
"MtrunA17Chr1g0179231"	"MtrunA17Chr1g0179231"
"MtrunA17Chr1g0179361"	"MtrunA17Chr1g0179361"
"MtrunA17Chr1g0179471"	"MtrunA17Chr1g0179471"
"MtrunA17Chr1g0180251"	"MtrunA17Chr1g0180251"
"MtrunA17Chr1g0180291"	"MtrunA17Chr1g0180291"
"MtrunA17Chr1g0180331"	"MtrunA17Chr1g0180331"
"MtrunA17Chr1g0180381"	"MtrunA17Chr1g0180381"
"MtrunA17Chr1g0180501"	"MtrunA17Chr1g0180501"
"MtrunA17Chr1g0180661"	"MtrunA17Chr1g0180661"
"MtrunA17Chr1g0180951"	"MtrunA17Chr1g0180951"
"MtrunA17Chr1g0181541"	"MtrunA17Chr1g0181541"
"MtrunA17Chr1g0181831"	"MtrunA17Chr1g0181831"
"MtrunA17Chr1g0182411"	"MtrunA17Chr1g0182411"
"MtrunA17Chr1g0183001"	"MtrunA17Chr1g0183001"
"MtrunA17Chr1g0183111"	"MtrunA17Chr1g0183111"
"MtrunA17Chr1g0183191"	"MtrunA17Chr1g0183191"
"MtrunA17Chr1g0183201"	"MtrunA17Chr1g0183201"
"MtrunA17Chr1g0183231"	"MtrunA17Chr1g0183231"
"MtrunA17Chr1g0183381"	"MtrunA17Chr1g0183381"
"MtrunA17Chr1g0183671"	"MtrunA17Chr1g0183671"
"MtrunA17Chr1g0183781"	"MtrunA17Chr1g0183781"
"MtrunA17Chr1g0184041"	"MtrunA17Chr1g0184041"
"MtrunA17Chr1g0184721"	"MtrunA17Chr1g0184721"
"MtrunA17Chr1g0184841"	"MtrunA17Chr1g0184841"
"MtrunA17Chr1g0185111"	"MtrunA17Chr1g0185111"
"MtrunA17Chr1g0185131"	"MtrunA17Chr1g0185131"
"MtrunA17Chr1g0185141"	"MtrunA17Chr1g0185141"
"MtrunA17Chr1g0185321"	"MtrunA17Chr1g0185321"
"MtrunA17Chr1g0185491"	"MtrunA17Chr1g0185491"
"MtrunA17Chr1g0185521"	"MtrunA17Chr1g0185521"
"MtrunA17Chr1g0185601"	"MtrunA17Chr1g0185601"
"MtrunA17Chr1g0185731"	"MtrunA17Chr1g0185731"
"MtrunA17Chr1g0185911"	"MtrunA17Chr1g0185911"
"MtrunA17Chr1g0185921"	"MtrunA17Chr1g0185921"
"MtrunA17Chr1g0186021"	"MtrunA17Chr1g0186021"
"MtrunA17Chr1g0186091"	"MtrunA17Chr1g0186091"
"MtrunA17Chr1g0186311"	"MtrunA17Chr1g0186311"
"MtrunA17Chr1g0186521"	"MtrunA17Chr1g0186521"
"MtrunA17Chr1g0186811"	"MtrunA17Chr1g0186811"
"MtrunA17Chr1g0186981"	"MtrunA17Chr1g0186981"
"MtrunA17Chr1g0187131"	"MtrunA17Chr1g0187131"
"MtrunA17Chr1g0187271"	"MtrunA17Chr1g0187271"
"MtrunA17Chr1g0187401"	"MtrunA17Chr1g0187401"
"MtrunA17Chr1g0187771"	"MtrunA17Chr1g0187771"
"MtrunA17Chr1g0187981"	"MtrunA17Chr1g0187981"
"MtrunA17Chr1g0188171"	"MtrunA17Chr1g0188171"
"MtrunA17Chr1g0188821"	"MtrunA17Chr1g0188821"
"MtrunA17Chr1g0189021"	"MtrunA17Chr1g0189021"
"MtrunA17Chr1g0189071"	"MtrunA17Chr1g0189071"
"MtrunA17Chr1g0189111"	"MtrunA17Chr1g0189111"
"MtrunA17Chr1g0189421"	"MtrunA17Chr1g0189421"
"MtrunA17Chr1g0190231"	"MtrunA17Chr1g0190231"
"MtrunA17Chr1g0190771"	"MtrunA17Chr1g0190771"
"MtrunA17Chr1g0190801"	"MtrunA17Chr1g0190801"
"MtrunA17Chr1g0190891"	"MtrunA17Chr1g0190891"
"MtrunA17Chr1g0190941"	"MtrunA17Chr1g0190941"
"MtrunA17Chr1g0191031"	"MtrunA17Chr1g0191031"
"MtrunA17Chr1g0191081"	"MtrunA17Chr1g0191081"
"MtrunA17Chr1g0191261"	"MtrunA17Chr1g0191261"
"MtrunA17Chr1g0191411"	"MtrunA17Chr1g0191411"
"MtrunA17Chr1g0191561"	"MtrunA17Chr1g0191561"
"MtrunA17Chr1g0191831"	"MtrunA17Chr1g0191831"
"MtrunA17Chr1g0191921"	"MtrunA17Chr1g0191921"
"MtrunA17Chr1g0191971"	"MtrunA17Chr1g0191971"
"MtrunA17Chr1g0192021"	"MtrunA17Chr1g0192021"
"MtrunA17Chr1g0192101"	"MtrunA17Chr1g0192101"
"MtrunA17Chr1g0192131"	"MtrunA17Chr1g0192131"
"MtrunA17Chr1g0192231"	"MtrunA17Chr1g0192231"
"MtrunA17Chr1g0192371"	"MtrunA17Chr1g0192371"
"MtrunA17Chr1g0192401"	"MtrunA17Chr1g0192401"
"MtrunA17Chr1g0192521"	"MtrunA17Chr1g0192521"
"MtrunA17Chr1g0192611"	"MtrunA17Chr1g0192611"
"MtrunA17Chr1g0192741"	"MtrunA17Chr1g0192741"
"MtrunA17Chr1g0192911"	"MtrunA17Chr1g0192911"
"MtrunA17Chr1g0193001"	"MtrunA17Chr1g0193001"
"MtrunA17Chr1g0193051"	"MtrunA17Chr1g0193051"
"MtrunA17Chr1g0193221"	"MtrunA17Chr1g0193221"
"MtrunA17Chr1g0193441"	"MtrunA17Chr1g0193441"
"MtrunA17Chr1g0193501"	"MtrunA17Chr1g0193501"
"MtrunA17Chr1g0193511"	"MtrunA17Chr1g0193511"
"MtrunA17Chr1g0193641"	"MtrunA17Chr1g0193641"
"MtrunA17Chr1g0193701"	"MtrunA17Chr1g0193701"
"MtrunA17Chr1g0193721"	"MtrunA17Chr1g0193721"
"MtrunA17Chr1g0194891"	"MtrunA17Chr1g0194891"
"MtrunA17Chr1g0194961"	"MtrunA17Chr1g0194961"
"MtrunA17Chr1g0195201"	"MtrunA17Chr1g0195201"
"MtrunA17Chr1g0195461"	"MtrunA17Chr1g0195461"
"MtrunA17Chr1g0195471"	"MtrunA17Chr1g0195471"
"MtrunA17Chr1g0196071"	"MtrunA17Chr1g0196071"
"MtrunA17Chr1g0196551"	"MtrunA17Chr1g0196551"
"MtrunA17Chr1g0196901"	"MtrunA17Chr1g0196901"
"MtrunA17Chr1g0196911"	"MtrunA17Chr1g0196911"
"MtrunA17Chr1g0197101"	"MtrunA17Chr1g0197101"
"MtrunA17Chr1g0197251"	"MtrunA17Chr1g0197251"
"MtrunA17Chr1g0197481"	"MtrunA17Chr1g0197481"
"MtrunA17Chr1g0197491"	"MtrunA17Chr1g0197491"
"MtrunA17Chr1g0197521"	"MtrunA17Chr1g0197521"
"MtrunA17Chr1g0197621"	"MtrunA17Chr1g0197621"
"MtrunA17Chr1g0197641"	"MtrunA17Chr1g0197641"
"MtrunA17Chr1g0197911"	"MtrunA17Chr1g0197911"
"MtrunA17Chr1g0198221"	"MtrunA17Chr1g0198221"
"MtrunA17Chr1g0198681"	"MtrunA17Chr1g0198681"
"MtrunA17Chr1g0199171"	"MtrunA17Chr1g0199171"
"MtrunA17Chr1g0199211"	"MtrunA17Chr1g0199211"
"MtrunA17Chr1g0199711"	"MtrunA17Chr1g0199711"
"MtrunA17Chr1g0199731"	"MtrunA17Chr1g0199731"
"MtrunA17Chr1g0199771"	"MtrunA17Chr1g0199771"
"MtrunA17Chr1g0200011"	"MtrunA17Chr1g0200011"
"MtrunA17Chr1g0200211"	"MtrunA17Chr1g0200211"
"MtrunA17Chr1g0200511"	"MtrunA17Chr1g0200511"
"MtrunA17Chr1g0200601"	"MtrunA17Chr1g0200601"
"MtrunA17Chr1g0201081"	"MtrunA17Chr1g0201081"
"MtrunA17Chr1g0201461"	"MtrunA17Chr1g0201461"
"MtrunA17Chr1g0201721"	"MtrunA17Chr1g0201721"
"MtrunA17Chr1g0201731"	"MtrunA17Chr1g0201731"
"MtrunA17Chr1g0202391"	"MtrunA17Chr1g0202391"
"MtrunA17Chr1g0202411"	"MtrunA17Chr1g0202411"
"MtrunA17Chr1g0202431"	"MtrunA17Chr1g0202431"
"MtrunA17Chr1g0203091"	"MtrunA17Chr1g0203091"
"MtrunA17Chr1g0203871"	"MtrunA17Chr1g0203871"
"MtrunA17Chr1g0204011"	"MtrunA17Chr1g0204011"
"MtrunA17Chr1g0204361"	"MtrunA17Chr1g0204361"
"MtrunA17Chr1g0204761"	"MtrunA17Chr1g0204761"
"MtrunA17Chr1g0205081"	"MtrunA17Chr1g0205081"
"MtrunA17Chr1g0205171"	"MtrunA17Chr1g0205171"
"MtrunA17Chr1g0205571"	"MtrunA17Chr1g0205571"
"MtrunA17Chr1g0205871"	"MtrunA17Chr1g0205871"
"MtrunA17Chr1g0206961"	"MtrunA17Chr1g0206961"
"MtrunA17Chr1g0207021"	"MtrunA17Chr1g0207021"
"MtrunA17Chr1g0207181"	"MtrunA17Chr1g0207181"
"MtrunA17Chr1g0207541"	"MtrunA17Chr1g0207541"
"MtrunA17Chr1g0207571"	"MtrunA17Chr1g0207571"
"MtrunA17Chr1g0207581"	"MtrunA17Chr1g0207581"
"MtrunA17Chr1g0207811"	"MtrunA17Chr1g0207811"
"MtrunA17Chr1g0207821"	"MtrunA17Chr1g0207821"
"MtrunA17Chr1g0207981"	"MtrunA17Chr1g0207981"
"MtrunA17Chr1g0208141"	"MtrunA17Chr1g0208141"
"MtrunA17Chr1g0209091"	"MtrunA17Chr1g0209091"
"MtrunA17Chr1g0209221"	"MtrunA17Chr1g0209221"
"MtrunA17Chr1g0209451"	"MtrunA17Chr1g0209451"
"MtrunA17Chr1g0209511"	"MtrunA17Chr1g0209511"
"MtrunA17Chr1g0209541"	"MtrunA17Chr1g0209541"
"MtrunA17Chr1g0209551"	"MtrunA17Chr1g0209551"
"MtrunA17Chr1g0209801"	"MtrunA17Chr1g0209801"
"MtrunA17Chr1g0210111"	"MtrunA17Chr1g0210111"
"MtrunA17Chr1g0210371"	"MtrunA17Chr1g0210371"
"MtrunA17Chr1g0210591"	"MtrunA17Chr1g0210591"
"MtrunA17Chr1g0210681"	"MtrunA17Chr1g0210681"
"MtrunA17Chr1g0210791"	"MtrunA17Chr1g0210791"
"MtrunA17Chr1g0210951"	"MtrunA17Chr1g0210951"
"MtrunA17Chr1g0210971"	"MtrunA17Chr1g0210971"
"MtrunA17Chr1g0211781"	"MtrunA17Chr1g0211781"
"MtrunA17Chr1g0211971"	"MtrunA17Chr1g0211971"
"MtrunA17Chr1g0211991"	"MtrunA17Chr1g0211991"
"MtrunA17Chr1g0212001"	"MtrunA17Chr1g0212001"
"MtrunA17Chr1g0212301"	"MtrunA17Chr1g0212301"
"MtrunA17Chr1g0212361"	"MtrunA17Chr1g0212361"
"MtrunA17Chr1g0212371"	"MtrunA17Chr1g0212371"
"MtrunA17Chr1g0212551"	"MtrunA17Chr1g0212551"
"MtrunA17Chr1g0212931"	"MtrunA17Chr1g0212931"
"MtrunA17Chr1g0213091"	"MtrunA17Chr1g0213091"
"MtrunA17Chr1g0213231"	"MtrunA17Chr1g0213231"
"MtrunA17Chr1g0213271"	"MtrunA17Chr1g0213271"
"MtrunA17Chr1g0213291"	"MtrunA17Chr1g0213291"
"MtrunA17Chr1g0213331"	"MtrunA17Chr1g0213331"
"MtrunA17Chr1g0213501"	"MtrunA17Chr1g0213501"
"MtrunA17Chr1g0213671"	"MtrunA17Chr1g0213671"
"MtrunA17Chr1g0213801"	"MtrunA17Chr1g0213801"
"MtrunA17Chr1g0213961"	"MtrunA17Chr1g0213961"
"MtrunA17Chr2g0276721"	"MtrunA17Chr2g0276721"
"MtrunA17Chr2g0276741"	"MtrunA17Chr2g0276741"
"MtrunA17Chr2g0276891"	"MtrunA17Chr2g0276891"
"MtrunA17Chr2g0276961"	"MtrunA17Chr2g0276961"
"MtrunA17Chr2g0277681"	"MtrunA17Chr2g0277681"
"MtrunA17Chr2g0277971"	"MtrunA17Chr2g0277971"
"MtrunA17Chr2g0278321"	"MtrunA17Chr2g0278321"
"MtrunA17Chr2g0278581"	"MtrunA17Chr2g0278581"
"MtrunA17Chr2g0278591"	"MtrunA17Chr2g0278591"
"MtrunA17Chr2g0279131"	"MtrunA17Chr2g0279131"
"MtrunA17Chr2g0279321"	"MtrunA17Chr2g0279321"
"MtrunA17Chr2g0279361"	"MtrunA17Chr2g0279361"
"MtrunA17Chr2g0279491"	"MtrunA17Chr2g0279491"
"MtrunA17Chr2g0279511"	"MtrunA17Chr2g0279511"
"MtrunA17Chr2g0279611"	"MtrunA17Chr2g0279611"
"MtrunA17Chr2g0279701"	"MtrunA17Chr2g0279701"
"MtrunA17Chr2g0279751"	"MtrunA17Chr2g0279751"
"MtrunA17Chr2g0279761"	"MtrunA17Chr2g0279761"
"MtrunA17Chr2g0279821"	"MtrunA17Chr2g0279821"
"MtrunA17Chr2g0279871"	"MtrunA17Chr2g0279871"
"MtrunA17Chr2g0280191"	"MtrunA17Chr2g0280191"
"MtrunA17Chr2g0280211"	"MtrunA17Chr2g0280211"
"MtrunA17Chr2g0280271"	"MtrunA17Chr2g0280271"
"MtrunA17Chr2g0280401"	"MtrunA17Chr2g0280401"
"MtrunA17Chr2g0280591"	"MtrunA17Chr2g0280591"
"MtrunA17Chr2g0280681"	"MtrunA17Chr2g0280681"
"MtrunA17Chr2g0281171"	"MtrunA17Chr2g0281171"
"MtrunA17Chr2g0281331"	"MtrunA17Chr2g0281331"
"MtrunA17Chr2g0281581"	"MtrunA17Chr2g0281581"
"MtrunA17Chr2g0282091"	"MtrunA17Chr2g0282091"
"MtrunA17Chr2g0282131"	"MtrunA17Chr2g0282131"
"MtrunA17Chr2g0282161"	"MtrunA17Chr2g0282161"
"MtrunA17Chr2g0282251"	"MtrunA17Chr2g0282251"
"MtrunA17Chr2g0282721"	"MtrunA17Chr2g0282721"
"MtrunA17Chr2g0282731"	"MtrunA17Chr2g0282731"
"MtrunA17Chr2g0282831"	"MtrunA17Chr2g0282831"
"MtrunA17Chr2g0283151"	"MtrunA17Chr2g0283151"
"MtrunA17Chr2g0283471"	"MtrunA17Chr2g0283471"
"MtrunA17Chr2g0283891"	"MtrunA17Chr2g0283891"
"MtrunA17Chr2g0284061"	"MtrunA17Chr2g0284061"
"MtrunA17Chr2g0284101"	"MtrunA17Chr2g0284101"
"MtrunA17Chr2g0284221"	"MtrunA17Chr2g0284221"
"MtrunA17Chr2g0284241"	"MtrunA17Chr2g0284241"
"MtrunA17Chr2g0284491"	"MtrunA17Chr2g0284491"
"MtrunA17Chr2g0284561"	"MtrunA17Chr2g0284561"
"MtrunA17Chr2g0284901"	"MtrunA17Chr2g0284901"
"MtrunA17Chr2g0285181"	"MtrunA17Chr2g0285181"
"MtrunA17Chr2g0285711"	"MtrunA17Chr2g0285711"
"MtrunA17Chr2g0285781"	"MtrunA17Chr2g0285781"
"MtrunA17Chr2g0286181"	"MtrunA17Chr2g0286181"
"MtrunA17Chr2g0286291"	"MtrunA17Chr2g0286291"
"MtrunA17Chr2g0287281"	"MtrunA17Chr2g0287281"
"MtrunA17Chr2g0287431"	"MtrunA17Chr2g0287431"
"MtrunA17Chr2g0287701"	"MtrunA17Chr2g0287701"
"MtrunA17Chr2g0288371"	"MtrunA17Chr2g0288371"
"MtrunA17Chr2g0288841"	"MtrunA17Chr2g0288841"
"MtrunA17Chr2g0288891"	"MtrunA17Chr2g0288891"
"MtrunA17Chr2g0289721"	"MtrunA17Chr2g0289721"
"MtrunA17Chr2g0289791"	"MtrunA17Chr2g0289791"
"MtrunA17Chr2g0290391"	"MtrunA17Chr2g0290391"
"MtrunA17Chr2g0290451"	"MtrunA17Chr2g0290451"
"MtrunA17Chr2g0290711"	"MtrunA17Chr2g0290711"
"MtrunA17Chr2g0290981"	"MtrunA17Chr2g0290981"
"MtrunA17Chr2g0291441"	"MtrunA17Chr2g0291441"
"MtrunA17Chr2g0291491"	"MtrunA17Chr2g0291491"
"MtrunA17Chr2g0291611"	"MtrunA17Chr2g0291611"
"MtrunA17Chr2g0291701"	"MtrunA17Chr2g0291701"
"MtrunA17Chr2g0291781"	"MtrunA17Chr2g0291781"
"MtrunA17Chr2g0291941"	"MtrunA17Chr2g0291941"
"MtrunA17Chr2g0292341"	"MtrunA17Chr2g0292341"
"MtrunA17Chr2g0292941"	"MtrunA17Chr2g0292941"
"MtrunA17Chr2g0292971"	"MtrunA17Chr2g0292971"
"MtrunA17Chr2g0293091"	"MtrunA17Chr2g0293091"
"MtrunA17Chr2g0293811"	"MtrunA17Chr2g0293811"
"MtrunA17Chr2g0293971"	"MtrunA17Chr2g0293971"
"MtrunA17Chr2g0294341"	"MtrunA17Chr2g0294341"
"MtrunA17Chr2g0294411"	"MtrunA17Chr2g0294411"
"MtrunA17Chr2g0294601"	"MtrunA17Chr2g0294601"
"MtrunA17Chr2g0294631"	"MtrunA17Chr2g0294631"
"MtrunA17Chr2g0294701"	"MtrunA17Chr2g0294701"
"MtrunA17Chr2g0294841"	"MtrunA17Chr2g0294841"
"MtrunA17Chr2g0295211"	"MtrunA17Chr2g0295211"
"MtrunA17Chr2g0295391"	"MtrunA17Chr2g0295391"
"MtrunA17Chr2g0295571"	"MtrunA17Chr2g0295571"
"MtrunA17Chr2g0295941"	"MtrunA17Chr2g0295941"
"MtrunA17Chr2g0295991"	"MtrunA17Chr2g0295991"
"MtrunA17Chr2g0296021"	"MtrunA17Chr2g0296021"
"MtrunA17Chr2g0296821"	"MtrunA17Chr2g0296821"
"MtrunA17Chr2g0296901"	"MtrunA17Chr2g0296901"
"MtrunA17Chr2g0296931"	"MtrunA17Chr2g0296931"
"MtrunA17Chr2g0296991"	"MtrunA17Chr2g0296991"
"MtrunA17Chr2g0297041"	"MtrunA17Chr2g0297041"
"MtrunA17Chr2g0297051"	"MtrunA17Chr2g0297051"
"MtrunA17Chr2g0297261"	"MtrunA17Chr2g0297261"
"MtrunA17Chr2g0297871"	"MtrunA17Chr2g0297871"
"MtrunA17Chr2g0297971"	"MtrunA17Chr2g0297971"
"MtrunA17Chr2g0298601"	"MtrunA17Chr2g0298601"
"MtrunA17Chr2g0298751"	"MtrunA17Chr2g0298751"
"MtrunA17Chr2g0298871"	"MtrunA17Chr2g0298871"
"MtrunA17Chr2g0299631"	"MtrunA17Chr2g0299631"
"MtrunA17Chr2g0300321"	"MtrunA17Chr2g0300321"
"MtrunA17Chr2g0300611"	"MtrunA17Chr2g0300611"
"MtrunA17Chr2g0300641"	"MtrunA17Chr2g0300641"
"MtrunA17Chr2g0300801"	"MtrunA17Chr2g0300801"
"MtrunA17Chr2g0301291"	"MtrunA17Chr2g0301291"
"MtrunA17Chr2g0301601"	"MtrunA17Chr2g0301601"
"MtrunA17Chr2g0301891"	"MtrunA17Chr2g0301891"
"MtrunA17Chr2g0302031"	"MtrunA17Chr2g0302031"
"MtrunA17Chr2g0302451"	"MtrunA17Chr2g0302451"
"MtrunA17Chr2g0302621"	"MtrunA17Chr2g0302621"
"MtrunA17Chr2g0302631"	"MtrunA17Chr2g0302631"
"MtrunA17Chr2g0302931"	"MtrunA17Chr2g0302931"
"MtrunA17Chr2g0303151"	"MtrunA17Chr2g0303151"
"MtrunA17Chr2g0303251"	"MtrunA17Chr2g0303251"
"MtrunA17Chr2g0303911"	"MtrunA17Chr2g0303911"
"MtrunA17Chr2g0304261"	"MtrunA17Chr2g0304261"
"MtrunA17Chr2g0304871"	"MtrunA17Chr2g0304871"
"MtrunA17Chr2g0304951"	"MtrunA17Chr2g0304951"
"MtrunA17Chr2g0305361"	"MtrunA17Chr2g0305361"
"MtrunA17Chr2g0305631"	"MtrunA17Chr2g0305631"
"MtrunA17Chr2g0305781"	"MtrunA17Chr2g0305781"
"MtrunA17Chr2g0306401"	"MtrunA17Chr2g0306401"
"MtrunA17Chr2g0306771"	"MtrunA17Chr2g0306771"
"MtrunA17Chr2g0307011"	"MtrunA17Chr2g0307011"
"MtrunA17Chr2g0307481"	"MtrunA17Chr2g0307481"
"MtrunA17Chr2g0307671"	"MtrunA17Chr2g0307671"
"MtrunA17Chr2g0307871"	"MtrunA17Chr2g0307871"
"MtrunA17Chr2g0308801"	"MtrunA17Chr2g0308801"
"MtrunA17Chr2g0308861"	"MtrunA17Chr2g0308861"
"MtrunA17Chr2g0308991"	"MtrunA17Chr2g0308991"
"MtrunA17Chr2g0309291"	"MtrunA17Chr2g0309291"
"MtrunA17Chr2g0309341"	"MtrunA17Chr2g0309341"
"MtrunA17Chr2g0309401"	"MtrunA17Chr2g0309401"
"MtrunA17Chr2g0309471"	"MtrunA17Chr2g0309471"
"MtrunA17Chr2g0309941"	"MtrunA17Chr2g0309941"
"MtrunA17Chr2g0310601"	"MtrunA17Chr2g0310601"
"MtrunA17Chr2g0311721"	"MtrunA17Chr2g0311721"
"MtrunA17Chr2g0311741"	"MtrunA17Chr2g0311741"
"MtrunA17Chr2g0311951"	"MtrunA17Chr2g0311951"
"MtrunA17Chr2g0312291"	"MtrunA17Chr2g0312291"
"MtrunA17Chr2g0312531"	"MtrunA17Chr2g0312531"
"MtrunA17Chr2g0312581"	"MtrunA17Chr2g0312581"
"MtrunA17Chr2g0312931"	"MtrunA17Chr2g0312931"
"MtrunA17Chr2g0313871"	"MtrunA17Chr2g0313871"
"MtrunA17Chr2g0313911"	"MtrunA17Chr2g0313911"
"MtrunA17Chr2g0315551"	"MtrunA17Chr2g0315551"
"MtrunA17Chr2g0316011"	"MtrunA17Chr2g0316011"
"MtrunA17Chr2g0316241"	"MtrunA17Chr2g0316241"
"MtrunA17Chr2g0316431"	"MtrunA17Chr2g0316431"
"MtrunA17Chr2g0317661"	"MtrunA17Chr2g0317661"
"MtrunA17Chr2g0317681"	"MtrunA17Chr2g0317681"
"MtrunA17Chr2g0317911"	"MtrunA17Chr2g0317911"
"MtrunA17Chr2g0318301"	"MtrunA17Chr2g0318301"
"MtrunA17Chr2g0320661"	"MtrunA17Chr2g0320661"
"MtrunA17Chr2g0320751"	"MtrunA17Chr2g0320751"
"MtrunA17Chr2g0320831"	"MtrunA17Chr2g0320831"
"MtrunA17Chr2g0321111"	"MtrunA17Chr2g0321111"
"MtrunA17Chr2g0321341"	"MtrunA17Chr2g0321341"
"MtrunA17Chr2g0321351"	"MtrunA17Chr2g0321351"
"MtrunA17Chr2g0321921"	"MtrunA17Chr2g0321921"
"MtrunA17Chr2g0322121"	"MtrunA17Chr2g0322121"
"MtrunA17Chr2g0322391"	"MtrunA17Chr2g0322391"
"MtrunA17Chr2g0322571"	"MtrunA17Chr2g0322571"
"MtrunA17Chr2g0322591"	"MtrunA17Chr2g0322591"
"MtrunA17Chr2g0322721"	"MtrunA17Chr2g0322721"
"MtrunA17Chr2g0323281"	"MtrunA17Chr2g0323281"
"MtrunA17Chr2g0324081"	"MtrunA17Chr2g0324081"
"MtrunA17Chr2g0324481"	"MtrunA17Chr2g0324481"
"MtrunA17Chr2g0324781"	"MtrunA17Chr2g0324781"
"MtrunA17Chr2g0325011"	"MtrunA17Chr2g0325011"
"MtrunA17Chr2g0325101"	"MtrunA17Chr2g0325101"
"MtrunA17Chr2g0325901"	"MtrunA17Chr2g0325901"
"MtrunA17Chr2g0326621"	"MtrunA17Chr2g0326621"
"MtrunA17Chr2g0326901"	"MtrunA17Chr2g0326901"
"MtrunA17Chr2g0327241"	"MtrunA17Chr2g0327241"
"MtrunA17Chr2g0327431"	"MtrunA17Chr2g0327431"
"MtrunA17Chr2g0327661"	"MtrunA17Chr2g0327661"
"MtrunA17Chr2g0327961"	"MtrunA17Chr2g0327961"
"MtrunA17Chr2g0328811"	"MtrunA17Chr2g0328811"
"MtrunA17Chr2g0328891"	"MtrunA17Chr2g0328891"
"MtrunA17Chr2g0328931"	"MtrunA17Chr2g0328931"
"MtrunA17Chr2g0329071"	"MtrunA17Chr2g0329071"
"MtrunA17Chr2g0329181"	"MtrunA17Chr2g0329181"
"MtrunA17Chr2g0329451"	"MtrunA17Chr2g0329451"
"MtrunA17Chr2g0329751"	"MtrunA17Chr2g0329751"
"MtrunA17Chr2g0329981"	"MtrunA17Chr2g0329981"
"MtrunA17Chr2g0329991"	"MtrunA17Chr2g0329991"
"MtrunA17Chr2g0330111"	"MtrunA17Chr2g0330111"
"MtrunA17Chr2g0330371"	"MtrunA17Chr2g0330371"
"MtrunA17Chr2g0330391"	"MtrunA17Chr2g0330391"
"MtrunA17Chr2g0331641"	"MtrunA17Chr2g0331641"
"MtrunA17Chr2g0331671"	"MtrunA17Chr2g0331671"
"MtrunA17Chr2g0331871"	"MtrunA17Chr2g0331871"
"MtrunA17Chr2g0331891"	"MtrunA17Chr2g0331891"
"MtrunA17Chr2g0331901"	"MtrunA17Chr2g0331901"
"MtrunA17Chr2g0331911"	"MtrunA17Chr2g0331911"
"MtrunA17Chr2g0331951"	"MtrunA17Chr2g0331951"
"MtrunA17Chr2g0331961"	"MtrunA17Chr2g0331961"
"MtrunA17Chr2g0332111"	"MtrunA17Chr2g0332111"
"MtrunA17Chr2g0332861"	"MtrunA17Chr2g0332861"
"MtrunA17Chr2g0332931"	"MtrunA17Chr2g0332931"
"MtrunA17Chr2g0333231"	"MtrunA17Chr2g0333231"
"MtrunA17Chr2g0333271"	"MtrunA17Chr2g0333271"
"MtrunA17Chr2g0333301"	"MtrunA17Chr2g0333301"
"MtrunA17Chr2g0333311"	"MtrunA17Chr2g0333311"
"MtrunA17Chr2g0333661"	"MtrunA17Chr2g0333661"
"MtrunA17Chr2g0333781"	"MtrunA17Chr2g0333781"
"MtrunA17Chr2g0333811"	"MtrunA17Chr2g0333811"
"MtrunA17Chr2g0333821"	"MtrunA17Chr2g0333821"
"MtrunA17Chr2g0333911"	"MtrunA17Chr2g0333911"
"MtrunA17Chr2g0334041"	"MtrunA17Chr2g0334041"
"MtrunA17Chr2g0334051"	"MtrunA17Chr2g0334051"
"MtrunA17Chr2g0334101"	"MtrunA17Chr2g0334101"
"MtrunA17Chr3g0077611"	"MtrunA17Chr3g0077611"
"MtrunA17Chr3g0077631"	"MtrunA17Chr3g0077631"
"MtrunA17Chr3g0077711"	"MtrunA17Chr3g0077711"
"MtrunA17Chr3g0078291"	"MtrunA17Chr3g0078291"
"MtrunA17Chr3g0078381"	"MtrunA17Chr3g0078381"
"MtrunA17Chr3g0078671"	"MtrunA17Chr3g0078671"
"MtrunA17Chr3g0079311"	"MtrunA17Chr3g0079311"
"MtrunA17Chr3g0079521"	"MtrunA17Chr3g0079521"
"MtrunA17Chr3g0080021"	"MtrunA17Chr3g0080021"
"MtrunA17Chr3g0080161"	"MtrunA17Chr3g0080161"
"MtrunA17Chr3g0080351"	"MtrunA17Chr3g0080351"
"MtrunA17Chr3g0080391"	"MtrunA17Chr3g0080391"
"MtrunA17Chr3g0080431"	"MtrunA17Chr3g0080431"
"MtrunA17Chr3g0080761"	"MtrunA17Chr3g0080761"
"MtrunA17Chr3g0081091"	"MtrunA17Chr3g0081091"
"MtrunA17Chr3g0081521"	"MtrunA17Chr3g0081521"
"MtrunA17Chr3g0081531"	"MtrunA17Chr3g0081531"
"MtrunA17Chr3g0081621"	"MtrunA17Chr3g0081621"
"MtrunA17Chr3g0081691"	"MtrunA17Chr3g0081691"
"MtrunA17Chr3g0081701"	"MtrunA17Chr3g0081701"
"MtrunA17Chr3g0082031"	"MtrunA17Chr3g0082031"
"MtrunA17Chr3g0082861"	"MtrunA17Chr3g0082861"
"MtrunA17Chr3g0083531"	"MtrunA17Chr3g0083531"
"MtrunA17Chr3g0083901"	"MtrunA17Chr3g0083901"
"MtrunA17Chr3g0084071"	"MtrunA17Chr3g0084071"
"MtrunA17Chr3g0084371"	"MtrunA17Chr3g0084371"
"MtrunA17Chr3g0084381"	"MtrunA17Chr3g0084381"
"MtrunA17Chr3g0084921"	"MtrunA17Chr3g0084921"
"MtrunA17Chr3g0085691"	"MtrunA17Chr3g0085691"
"MtrunA17Chr3g0086111"	"MtrunA17Chr3g0086111"
"MtrunA17Chr3g0086811"	"MtrunA17Chr3g0086811"
"MtrunA17Chr3g0087461"	"MtrunA17Chr3g0087461"
"MtrunA17Chr3g0087781"	"MtrunA17Chr3g0087781"
"MtrunA17Chr3g0087821"	"MtrunA17Chr3g0087821"
"MtrunA17Chr3g0088301"	"MtrunA17Chr3g0088301"
"MtrunA17Chr3g0088821"	"MtrunA17Chr3g0088821"
"MtrunA17Chr3g0089031"	"MtrunA17Chr3g0089031"
"MtrunA17Chr3g0089391"	"MtrunA17Chr3g0089391"
"MtrunA17Chr3g0089851"	"MtrunA17Chr3g0089851"
"MtrunA17Chr3g0090051"	"MtrunA17Chr3g0090051"
"MtrunA17Chr3g0090061"	"MtrunA17Chr3g0090061"
"MtrunA17Chr3g0091141"	"MtrunA17Chr3g0091141"
"MtrunA17Chr3g0092131"	"MtrunA17Chr3g0092131"
"MtrunA17Chr3g0092501"	"MtrunA17Chr3g0092501"
"MtrunA17Chr3g0093001"	"MtrunA17Chr3g0093001"
"MtrunA17Chr3g0093711"	"MtrunA17Chr3g0093711"
"MtrunA17Chr3g0093731"	"MtrunA17Chr3g0093731"
"MtrunA17Chr3g0093841"	"MtrunA17Chr3g0093841"
"MtrunA17Chr3g0093871"	"MtrunA17Chr3g0093871"
"MtrunA17Chr3g0093921"	"MtrunA17Chr3g0093921"
"MtrunA17Chr3g0093971"	"MtrunA17Chr3g0093971"
"MtrunA17Chr3g0095231"	"MtrunA17Chr3g0095231"
"MtrunA17Chr3g0095421"	"MtrunA17Chr3g0095421"
"MtrunA17Chr3g0097821"	"MtrunA17Chr3g0097821"
"MtrunA17Chr3g0098721"	"MtrunA17Chr3g0098721"
"MtrunA17Chr3g0098941"	"MtrunA17Chr3g0098941"
"MtrunA17Chr3g0099181"	"MtrunA17Chr3g0099181"
"MtrunA17Chr3g0099291"	"MtrunA17Chr3g0099291"
"MtrunA17Chr3g0099401"	"MtrunA17Chr3g0099401"
"MtrunA17Chr3g0099611"	"MtrunA17Chr3g0099611"
"MtrunA17Chr3g0099621"	"MtrunA17Chr3g0099621"
"MtrunA17Chr3g0100191"	"MtrunA17Chr3g0100191"
"MtrunA17Chr3g0100321"	"MtrunA17Chr3g0100321"
"MtrunA17Chr3g0101001"	"MtrunA17Chr3g0101001"
"MtrunA17Chr3g0103361"	"MtrunA17Chr3g0103361"
"MtrunA17Chr3g0103381"	"MtrunA17Chr3g0103381"
"MtrunA17Chr3g0103411"	"MtrunA17Chr3g0103411"
"MtrunA17Chr3g0103671"	"MtrunA17Chr3g0103671"
"MtrunA17Chr3g0103751"	"MtrunA17Chr3g0103751"
"MtrunA17Chr3g0103771"	"MtrunA17Chr3g0103771"
"MtrunA17Chr3g0104001"	"MtrunA17Chr3g0104001"
"MtrunA17Chr3g0104061"	"MtrunA17Chr3g0104061"
"MtrunA17Chr3g0104081"	"MtrunA17Chr3g0104081"
"MtrunA17Chr3g0104351"	"MtrunA17Chr3g0104351"
"MtrunA17Chr3g0104431"	"MtrunA17Chr3g0104431"
"MtrunA17Chr3g0104651"	"MtrunA17Chr3g0104651"
"MtrunA17Chr3g0105391"	"MtrunA17Chr3g0105391"
"MtrunA17Chr3g0105901"	"MtrunA17Chr3g0105901"
"MtrunA17Chr3g0106291"	"MtrunA17Chr3g0106291"
"MtrunA17Chr3g0107851"	"MtrunA17Chr3g0107851"
"MtrunA17Chr3g0108291"	"MtrunA17Chr3g0108291"
"MtrunA17Chr3g0109531"	"MtrunA17Chr3g0109531"
"MtrunA17Chr3g0109901"	"MtrunA17Chr3g0109901"
"MtrunA17Chr3g0110161"	"MtrunA17Chr3g0110161"
"MtrunA17Chr3g0110171"	"MtrunA17Chr3g0110171"
"MtrunA17Chr3g0110311"	"MtrunA17Chr3g0110311"
"MtrunA17Chr3g0111971"	"MtrunA17Chr3g0111971"
"MtrunA17Chr3g0112391"	"MtrunA17Chr3g0112391"
"MtrunA17Chr3g0112501"	"MtrunA17Chr3g0112501"
"MtrunA17Chr3g0113211"	"MtrunA17Chr3g0113211"
"MtrunA17Chr3g0113671"	"MtrunA17Chr3g0113671"
"MtrunA17Chr3g0114081"	"MtrunA17Chr3g0114081"
"MtrunA17Chr3g0114211"	"MtrunA17Chr3g0114211"
"MtrunA17Chr3g0114781"	"MtrunA17Chr3g0114781"
"MtrunA17Chr3g0115061"	"MtrunA17Chr3g0115061"
"MtrunA17Chr3g0115421"	"MtrunA17Chr3g0115421"
"MtrunA17Chr3g0115481"	"MtrunA17Chr3g0115481"
"MtrunA17Chr3g0115601"	"MtrunA17Chr3g0115601"
"MtrunA17Chr3g0115611"	"MtrunA17Chr3g0115611"
"MtrunA17Chr3g0115671"	"MtrunA17Chr3g0115671"
"MtrunA17Chr3g0115851"	"MtrunA17Chr3g0115851"
"MtrunA17Chr3g0116161"	"MtrunA17Chr3g0116161"
"MtrunA17Chr3g0116361"	"MtrunA17Chr3g0116361"
"MtrunA17Chr3g0116451"	"MtrunA17Chr3g0116451"
"MtrunA17Chr3g0116541"	"MtrunA17Chr3g0116541"
"MtrunA17Chr3g0116571"	"MtrunA17Chr3g0116571"
"MtrunA17Chr3g0116621"	"MtrunA17Chr3g0116621"
"MtrunA17Chr3g0116991"	"MtrunA17Chr3g0116991"
"MtrunA17Chr3g0117081"	"MtrunA17Chr3g0117081"
"MtrunA17Chr3g0117131"	"MtrunA17Chr3g0117131"
"MtrunA17Chr3g0117261"	"MtrunA17Chr3g0117261"
"MtrunA17Chr3g0117441"	"MtrunA17Chr3g0117441"
"MtrunA17Chr3g0117581"	"MtrunA17Chr3g0117581"
"MtrunA17Chr3g0117931"	"MtrunA17Chr3g0117931"
"MtrunA17Chr3g0117941"	"MtrunA17Chr3g0117941"
"MtrunA17Chr3g0118161"	"MtrunA17Chr3g0118161"
"MtrunA17Chr3g0118281"	"MtrunA17Chr3g0118281"
"MtrunA17Chr3g0118411"	"MtrunA17Chr3g0118411"
"MtrunA17Chr3g0118421"	"MtrunA17Chr3g0118421"
"MtrunA17Chr3g0118801"	"MtrunA17Chr3g0118801"
"MtrunA17Chr3g0118971"	"MtrunA17Chr3g0118971"
"MtrunA17Chr3g0119281"	"MtrunA17Chr3g0119281"
"MtrunA17Chr3g0119401"	"MtrunA17Chr3g0119401"
"MtrunA17Chr3g0119521"	"MtrunA17Chr3g0119521"
"MtrunA17Chr3g0119871"	"MtrunA17Chr3g0119871"
"MtrunA17Chr3g0120091"	"MtrunA17Chr3g0120091"
"MtrunA17Chr3g0120271"	"MtrunA17Chr3g0120271"
"MtrunA17Chr3g0120401"	"MtrunA17Chr3g0120401"
"MtrunA17Chr3g0120461"	"MtrunA17Chr3g0120461"
"MtrunA17Chr3g0120511"	"MtrunA17Chr3g0120511"
"MtrunA17Chr3g0120751"	"MtrunA17Chr3g0120751"
"MtrunA17Chr3g0120791"	"MtrunA17Chr3g0120791"
"MtrunA17Chr3g0120871"	"MtrunA17Chr3g0120871"
"MtrunA17Chr3g0120891"	"MtrunA17Chr3g0120891"
"MtrunA17Chr3g0121051"	"MtrunA17Chr3g0121051"
"MtrunA17Chr3g0121141"	"MtrunA17Chr3g0121141"
"MtrunA17Chr3g0121201"	"MtrunA17Chr3g0121201"
"MtrunA17Chr3g0121231"	"MtrunA17Chr3g0121231"
"MtrunA17Chr3g0121261"	"MtrunA17Chr3g0121261"
"MtrunA17Chr3g0121381"	"MtrunA17Chr3g0121381"
"MtrunA17Chr3g0121561"	"MtrunA17Chr3g0121561"
"MtrunA17Chr3g0121581"	"MtrunA17Chr3g0121581"
"MtrunA17Chr3g0121661"	"MtrunA17Chr3g0121661"
"MtrunA17Chr3g0121831"	"MtrunA17Chr3g0121831"
"MtrunA17Chr3g0121841"	"MtrunA17Chr3g0121841"
"MtrunA17Chr3g0122131"	"MtrunA17Chr3g0122131"
"MtrunA17Chr3g0122701"	"MtrunA17Chr3g0122701"
"MtrunA17Chr3g0122761"	"MtrunA17Chr3g0122761"
"MtrunA17Chr3g0122821"	"MtrunA17Chr3g0122821"
"MtrunA17Chr3g0122971"	"MtrunA17Chr3g0122971"
"MtrunA17Chr3g0123001"	"MtrunA17Chr3g0123001"
"MtrunA17Chr3g0123251"	"MtrunA17Chr3g0123251"
"MtrunA17Chr3g0123301"	"MtrunA17Chr3g0123301"
"MtrunA17Chr3g0123351"	"MtrunA17Chr3g0123351"
"MtrunA17Chr3g0123371"	"MtrunA17Chr3g0123371"
"MtrunA17Chr3g0123801"	"MtrunA17Chr3g0123801"
"MtrunA17Chr3g0123991"	"MtrunA17Chr3g0123991"
"MtrunA17Chr3g0124461"	"MtrunA17Chr3g0124461"
"MtrunA17Chr3g0124761"	"MtrunA17Chr3g0124761"
"MtrunA17Chr3g0124791"	"MtrunA17Chr3g0124791"
"MtrunA17Chr3g0124811"	"MtrunA17Chr3g0124811"
"MtrunA17Chr3g0124871"	"MtrunA17Chr3g0124871"
"MtrunA17Chr3g0124911"	"MtrunA17Chr3g0124911"
"MtrunA17Chr3g0125011"	"MtrunA17Chr3g0125011"
"MtrunA17Chr3g0125031"	"MtrunA17Chr3g0125031"
"MtrunA17Chr3g0125071"	"MtrunA17Chr3g0125071"
"MtrunA17Chr3g0125131"	"MtrunA17Chr3g0125131"
"MtrunA17Chr3g0125171"	"MtrunA17Chr3g0125171"
"MtrunA17Chr3g0125191"	"MtrunA17Chr3g0125191"
"MtrunA17Chr3g0125201"	"MtrunA17Chr3g0125201"
"MtrunA17Chr3g0125301"	"MtrunA17Chr3g0125301"
"MtrunA17Chr3g0125571"	"MtrunA17Chr3g0125571"
"MtrunA17Chr3g0126101"	"MtrunA17Chr3g0126101"
"MtrunA17Chr3g0126611"	"MtrunA17Chr3g0126611"
"MtrunA17Chr3g0126631"	"MtrunA17Chr3g0126631"
"MtrunA17Chr3g0126781"	"MtrunA17Chr3g0126781"
"MtrunA17Chr3g0127341"	"MtrunA17Chr3g0127341"
"MtrunA17Chr3g0128061"	"MtrunA17Chr3g0128061"
"MtrunA17Chr3g0128471"	"MtrunA17Chr3g0128471"
"MtrunA17Chr3g0128491"	"MtrunA17Chr3g0128491"
"MtrunA17Chr3g0128951"	"MtrunA17Chr3g0128951"
"MtrunA17Chr3g0129121"	"MtrunA17Chr3g0129121"
"MtrunA17Chr3g0129261"	"MtrunA17Chr3g0129261"
"MtrunA17Chr3g0129401"	"MtrunA17Chr3g0129401"
"MtrunA17Chr3g0129761"	"MtrunA17Chr3g0129761"
"MtrunA17Chr3g0130141"	"MtrunA17Chr3g0130141"
"MtrunA17Chr3g0130211"	"MtrunA17Chr3g0130211"
"MtrunA17Chr3g0130231"	"MtrunA17Chr3g0130231"
"MtrunA17Chr3g0130251"	"MtrunA17Chr3g0130251"
"MtrunA17Chr3g0130381"	"MtrunA17Chr3g0130381"
"MtrunA17Chr3g0130531"	"MtrunA17Chr3g0130531"
"MtrunA17Chr3g0130551"	"MtrunA17Chr3g0130551"
"MtrunA17Chr3g0130611"	"MtrunA17Chr3g0130611"
"MtrunA17Chr3g0130621"	"MtrunA17Chr3g0130621"
"MtrunA17Chr3g0130681"	"MtrunA17Chr3g0130681"
"MtrunA17Chr3g0130691"	"MtrunA17Chr3g0130691"
"MtrunA17Chr3g0131181"	"MtrunA17Chr3g0131181"
"MtrunA17Chr3g0131561"	"MtrunA17Chr3g0131561"
"MtrunA17Chr3g0131611"	"MtrunA17Chr3g0131611"
"MtrunA17Chr3g0131731"	"MtrunA17Chr3g0131731"
"MtrunA17Chr3g0131861"	"MtrunA17Chr3g0131861"
"MtrunA17Chr3g0132121"	"MtrunA17Chr3g0132121"
"MtrunA17Chr3g0132281"	"MtrunA17Chr3g0132281"
"MtrunA17Chr3g0132301"	"MtrunA17Chr3g0132301"
"MtrunA17Chr3g0132361"	"MtrunA17Chr3g0132361"
"MtrunA17Chr3g0132581"	"MtrunA17Chr3g0132581"
"MtrunA17Chr3g0132621"	"MtrunA17Chr3g0132621"
"MtrunA17Chr3g0133251"	"MtrunA17Chr3g0133251"
"MtrunA17Chr3g0133261"	"MtrunA17Chr3g0133261"
"MtrunA17Chr3g0133621"	"MtrunA17Chr3g0133621"
"MtrunA17Chr3g0134531"	"MtrunA17Chr3g0134531"
"MtrunA17Chr3g0134771"	"MtrunA17Chr3g0134771"
"MtrunA17Chr3g0135331"	"MtrunA17Chr3g0135331"
"MtrunA17Chr3g0135361"	"MtrunA17Chr3g0135361"
"MtrunA17Chr3g0135691"	"MtrunA17Chr3g0135691"
"MtrunA17Chr3g0135831"	"MtrunA17Chr3g0135831"
"MtrunA17Chr3g0135841"	"MtrunA17Chr3g0135841"
"MtrunA17Chr3g0135951"	"MtrunA17Chr3g0135951"
"MtrunA17Chr3g0136421"	"MtrunA17Chr3g0136421"
"MtrunA17Chr3g0136531"	"MtrunA17Chr3g0136531"
"MtrunA17Chr3g0136711"	"MtrunA17Chr3g0136711"
"MtrunA17Chr3g0136761"	"MtrunA17Chr3g0136761"
"MtrunA17Chr3g0136771"	"MtrunA17Chr3g0136771"
"MtrunA17Chr3g0136801"	"MtrunA17Chr3g0136801"
"MtrunA17Chr3g0136861"	"MtrunA17Chr3g0136861"
"MtrunA17Chr3g0137031"	"MtrunA17Chr3g0137031"
"MtrunA17Chr3g0137401"	"MtrunA17Chr3g0137401"
"MtrunA17Chr3g0137551"	"MtrunA17Chr3g0137551"
"MtrunA17Chr3g0137751"	"MtrunA17Chr3g0137751"
"MtrunA17Chr3g0137921"	"MtrunA17Chr3g0137921"
"MtrunA17Chr3g0138261"	"MtrunA17Chr3g0138261"
"MtrunA17Chr3g0138841"	"MtrunA17Chr3g0138841"
"MtrunA17Chr3g0139341"	"MtrunA17Chr3g0139341"
"MtrunA17Chr3g0139421"	"MtrunA17Chr3g0139421"
"MtrunA17Chr3g0139661"	"MtrunA17Chr3g0139661"
"MtrunA17Chr3g0139821"	"MtrunA17Chr3g0139821"
"MtrunA17Chr3g0140141"	"MtrunA17Chr3g0140141"
"MtrunA17Chr3g0140391"	"MtrunA17Chr3g0140391"
"MtrunA17Chr3g0140521"	"MtrunA17Chr3g0140521"
"MtrunA17Chr3g0140531"	"MtrunA17Chr3g0140531"
"MtrunA17Chr3g0140631"	"MtrunA17Chr3g0140631"
"MtrunA17Chr3g0140661"	"MtrunA17Chr3g0140661"
"MtrunA17Chr3g0140721"	"MtrunA17Chr3g0140721"
"MtrunA17Chr3g0140761"	"MtrunA17Chr3g0140761"
"MtrunA17Chr3g0140821"	"MtrunA17Chr3g0140821"
"MtrunA17Chr3g0141011"	"MtrunA17Chr3g0141011"
"MtrunA17Chr3g0141171"	"MtrunA17Chr3g0141171"
"MtrunA17Chr3g0141191"	"MtrunA17Chr3g0141191"
"MtrunA17Chr3g0141311"	"MtrunA17Chr3g0141311"
"MtrunA17Chr3g0141351"	"MtrunA17Chr3g0141351"
"MtrunA17Chr3g0141581"	"MtrunA17Chr3g0141581"
"MtrunA17Chr3g0141681"	"MtrunA17Chr3g0141681"
"MtrunA17Chr3g0141721"	"MtrunA17Chr3g0141721"
"MtrunA17Chr3g0141801"	"MtrunA17Chr3g0141801"
"MtrunA17Chr3g0141861"	"MtrunA17Chr3g0141861"
"MtrunA17Chr3g0141901"	"MtrunA17Chr3g0141901"
"MtrunA17Chr3g0141951"	"MtrunA17Chr3g0141951"
"MtrunA17Chr3g0142001"	"MtrunA17Chr3g0142001"
"MtrunA17Chr3g0142071"	"MtrunA17Chr3g0142071"
"MtrunA17Chr3g0142131"	"MtrunA17Chr3g0142131"
"MtrunA17Chr3g0142281"	"MtrunA17Chr3g0142281"
"MtrunA17Chr3g0142331"	"MtrunA17Chr3g0142331"
"MtrunA17Chr3g0142501"	"MtrunA17Chr3g0142501"
"MtrunA17Chr3g0142901"	"MtrunA17Chr3g0142901"
"MtrunA17Chr3g0143321"	"MtrunA17Chr3g0143321"
"MtrunA17Chr3g0143411"	"MtrunA17Chr3g0143411"
"MtrunA17Chr3g0143721"	"MtrunA17Chr3g0143721"
"MtrunA17Chr3g0143791"	"MtrunA17Chr3g0143791"
"MtrunA17Chr3g0143901"	"MtrunA17Chr3g0143901"
"MtrunA17Chr3g0143931"	"MtrunA17Chr3g0143931"
"MtrunA17Chr3g0144071"	"MtrunA17Chr3g0144071"
"MtrunA17Chr3g0144211"	"MtrunA17Chr3g0144211"
"MtrunA17Chr3g0144231"	"MtrunA17Chr3g0144231"
"MtrunA17Chr3g0145051"	"MtrunA17Chr3g0145051"
"MtrunA17Chr3g0145071"	"MtrunA17Chr3g0145071"
"MtrunA17Chr3g0145361"	"MtrunA17Chr3g0145361"
"MtrunA17Chr3g0145461"	"MtrunA17Chr3g0145461"
"MtrunA17Chr3g0145611"	"MtrunA17Chr3g0145611"
"MtrunA17Chr3g0145711"	"MtrunA17Chr3g0145711"
"MtrunA17Chr3g0145941"	"MtrunA17Chr3g0145941"
"MtrunA17Chr3g0146061"	"MtrunA17Chr3g0146061"
"MtrunA17Chr4g0000211"	"MtrunA17Chr4g0000211"
"MtrunA17Chr4g0000281"	"MtrunA17Chr4g0000281"
"MtrunA17Chr4g0000341"	"MtrunA17Chr4g0000341"
"MtrunA17Chr4g0000581"	"MtrunA17Chr4g0000581"
"MtrunA17Chr4g0000591"	"MtrunA17Chr4g0000591"
"MtrunA17Chr4g0001331"	"MtrunA17Chr4g0001331"
"MtrunA17Chr4g0001571"	"MtrunA17Chr4g0001571"
"MtrunA17Chr4g0001861"	"MtrunA17Chr4g0001861"
"MtrunA17Chr4g0002001"	"MtrunA17Chr4g0002001"
"MtrunA17Chr4g0002321"	"MtrunA17Chr4g0002321"
"MtrunA17Chr4g0003571"	"MtrunA17Chr4g0003571"
"MtrunA17Chr4g0003581"	"MtrunA17Chr4g0003581"
"MtrunA17Chr4g0003591"	"MtrunA17Chr4g0003591"
"MtrunA17Chr4g0003821"	"MtrunA17Chr4g0003821"
"MtrunA17Chr4g0003941"	"MtrunA17Chr4g0003941"
"MtrunA17Chr4g0004461"	"MtrunA17Chr4g0004461"
"MtrunA17Chr4g0004621"	"MtrunA17Chr4g0004621"
"MtrunA17Chr4g0005491"	"MtrunA17Chr4g0005491"
"MtrunA17Chr4g0005501"	"MtrunA17Chr4g0005501"
"MtrunA17Chr4g0005831"	"MtrunA17Chr4g0005831"
"MtrunA17Chr4g0005991"	"MtrunA17Chr4g0005991"
"MtrunA17Chr4g0006031"	"MtrunA17Chr4g0006031"
"MtrunA17Chr4g0006991"	"MtrunA17Chr4g0006991"
"MtrunA17Chr4g0008421"	"MtrunA17Chr4g0008421"
"MtrunA17Chr4g0008441"	"MtrunA17Chr4g0008441"
"MtrunA17Chr4g0008801"	"MtrunA17Chr4g0008801"
"MtrunA17Chr4g0008911"	"MtrunA17Chr4g0008911"
"MtrunA17Chr4g0009431"	"MtrunA17Chr4g0009431"
"MtrunA17Chr4g0009531"	"MtrunA17Chr4g0009531"
"MtrunA17Chr4g0009801"	"MtrunA17Chr4g0009801"
"MtrunA17Chr4g0010091"	"MtrunA17Chr4g0010091"
"MtrunA17Chr4g0010791"	"MtrunA17Chr4g0010791"
"MtrunA17Chr4g0011081"	"MtrunA17Chr4g0011081"
"MtrunA17Chr4g0011281"	"MtrunA17Chr4g0011281"
"MtrunA17Chr4g0011301"	"MtrunA17Chr4g0011301"
"MtrunA17Chr4g0011611"	"MtrunA17Chr4g0011611"
"MtrunA17Chr4g0011971"	"MtrunA17Chr4g0011971"
"MtrunA17Chr4g0013271"	"MtrunA17Chr4g0013271"
"MtrunA17Chr4g0013351"	"MtrunA17Chr4g0013351"
"MtrunA17Chr4g0013561"	"MtrunA17Chr4g0013561"
"MtrunA17Chr4g0013961"	"MtrunA17Chr4g0013961"
"MtrunA17Chr4g0014051"	"MtrunA17Chr4g0014051"
"MtrunA17Chr4g0014061"	"MtrunA17Chr4g0014061"
"MtrunA17Chr4g0017231"	"MtrunA17Chr4g0017231"
"MtrunA17Chr4g0017421"	"MtrunA17Chr4g0017421"
"MtrunA17Chr4g0017851"	"MtrunA17Chr4g0017851"
"MtrunA17Chr4g0018191"	"MtrunA17Chr4g0018191"
"MtrunA17Chr4g0018641"	"MtrunA17Chr4g0018641"
"MtrunA17Chr4g0018751"	"MtrunA17Chr4g0018751"
"MtrunA17Chr4g0018921"	"MtrunA17Chr4g0018921"
"MtrunA17Chr4g0019851"	"MtrunA17Chr4g0019851"
"MtrunA17Chr4g0020321"	"MtrunA17Chr4g0020321"
"MtrunA17Chr4g0021041"	"MtrunA17Chr4g0021041"
"MtrunA17Chr4g0021741"	"MtrunA17Chr4g0021741"
"MtrunA17Chr4g0023221"	"MtrunA17Chr4g0023221"
"MtrunA17Chr4g0023231"	"MtrunA17Chr4g0023231"
"MtrunA17Chr4g0024601"	"MtrunA17Chr4g0024601"
"MtrunA17Chr4g0024631"	"MtrunA17Chr4g0024631"
"MtrunA17Chr4g0025291"	"MtrunA17Chr4g0025291"
"MtrunA17Chr4g0027591"	"MtrunA17Chr4g0027591"
"MtrunA17Chr4g0027941"	"MtrunA17Chr4g0027941"
"MtrunA17Chr4g0028531"	"MtrunA17Chr4g0028531"
"MtrunA17Chr4g0028601"	"MtrunA17Chr4g0028601"
"MtrunA17Chr4g0028851"	"MtrunA17Chr4g0028851"
"MtrunA17Chr4g0028871"	"MtrunA17Chr4g0028871"
"MtrunA17Chr4g0029181"	"MtrunA17Chr4g0029181"
"MtrunA17Chr4g0029721"	"MtrunA17Chr4g0029721"
"MtrunA17Chr4g0030151"	"MtrunA17Chr4g0030151"
"MtrunA17Chr4g0030541"	"MtrunA17Chr4g0030541"
"MtrunA17Chr4g0030671"	"MtrunA17Chr4g0030671"
"MtrunA17Chr4g0030861"	"MtrunA17Chr4g0030861"
"MtrunA17Chr4g0031101"	"MtrunA17Chr4g0031101"
"MtrunA17Chr4g0031141"	"MtrunA17Chr4g0031141"
"MtrunA17Chr4g0032201"	"MtrunA17Chr4g0032201"
"MtrunA17Chr4g0032591"	"MtrunA17Chr4g0032591"
"MtrunA17Chr4g0033151"	"MtrunA17Chr4g0033151"
"MtrunA17Chr4g0033631"	"MtrunA17Chr4g0033631"
"MtrunA17Chr4g0033661"	"MtrunA17Chr4g0033661"
"MtrunA17Chr4g0033731"	"MtrunA17Chr4g0033731"
"MtrunA17Chr4g0033781"	"MtrunA17Chr4g0033781"
"MtrunA17Chr4g0033921"	"MtrunA17Chr4g0033921"
"MtrunA17Chr4g0034141"	"MtrunA17Chr4g0034141"
"MtrunA17Chr4g0034181"	"MtrunA17Chr4g0034181"
"MtrunA17Chr4g0034301"	"MtrunA17Chr4g0034301"
"MtrunA17Chr4g0034341"	"MtrunA17Chr4g0034341"
"MtrunA17Chr4g0034381"	"MtrunA17Chr4g0034381"
"MtrunA17Chr4g0035481"	"MtrunA17Chr4g0035481"
"MtrunA17Chr4g0035691"	"MtrunA17Chr4g0035691"
"MtrunA17Chr4g0035731"	"MtrunA17Chr4g0035731"
"MtrunA17Chr4g0035851"	"MtrunA17Chr4g0035851"
"MtrunA17Chr4g0036021"	"MtrunA17Chr4g0036021"
"MtrunA17Chr4g0036031"	"MtrunA17Chr4g0036031"
"MtrunA17Chr4g0036931"	"MtrunA17Chr4g0036931"
"MtrunA17Chr4g0037021"	"MtrunA17Chr4g0037021"
"MtrunA17Chr4g0037211"	"MtrunA17Chr4g0037211"
"MtrunA17Chr4g0037221"	"MtrunA17Chr4g0037221"
"MtrunA17Chr4g0037481"	"MtrunA17Chr4g0037481"
"MtrunA17Chr4g0037981"	"MtrunA17Chr4g0037981"
"MtrunA17Chr4g0038001"	"MtrunA17Chr4g0038001"
"MtrunA17Chr4g0038081"	"MtrunA17Chr4g0038081"
"MtrunA17Chr4g0038121"	"MtrunA17Chr4g0038121"
"MtrunA17Chr4g0038361"	"MtrunA17Chr4g0038361"
"MtrunA17Chr4g0038431"	"MtrunA17Chr4g0038431"
"MtrunA17Chr4g0039381"	"MtrunA17Chr4g0039381"
"MtrunA17Chr4g0039621"	"MtrunA17Chr4g0039621"
"MtrunA17Chr4g0040031"	"MtrunA17Chr4g0040031"
"MtrunA17Chr4g0040111"	"MtrunA17Chr4g0040111"
"MtrunA17Chr4g0040171"	"MtrunA17Chr4g0040171"
"MtrunA17Chr4g0040431"	"MtrunA17Chr4g0040431"
"MtrunA17Chr4g0040511"	"MtrunA17Chr4g0040511"
"MtrunA17Chr4g0040781"	"MtrunA17Chr4g0040781"
"MtrunA17Chr4g0040791"	"MtrunA17Chr4g0040791"
"MtrunA17Chr4g0041121"	"MtrunA17Chr4g0041121"
"MtrunA17Chr4g0041201"	"MtrunA17Chr4g0041201"
"MtrunA17Chr4g0041831"	"MtrunA17Chr4g0041831"
"MtrunA17Chr4g0042001"	"MtrunA17Chr4g0042001"
"MtrunA17Chr4g0042171"	"MtrunA17Chr4g0042171"
"MtrunA17Chr4g0042211"	"MtrunA17Chr4g0042211"
"MtrunA17Chr4g0042851"	"MtrunA17Chr4g0042851"
"MtrunA17Chr4g0043241"	"MtrunA17Chr4g0043241"
"MtrunA17Chr4g0043341"	"MtrunA17Chr4g0043341"
"MtrunA17Chr4g0043381"	"MtrunA17Chr4g0043381"
"MtrunA17Chr4g0043441"	"MtrunA17Chr4g0043441"
"MtrunA17Chr4g0043461"	"MtrunA17Chr4g0043461"
"MtrunA17Chr4g0043561"	"MtrunA17Chr4g0043561"
"MtrunA17Chr4g0043591"	"MtrunA17Chr4g0043591"
"MtrunA17Chr4g0043641"	"MtrunA17Chr4g0043641"
"MtrunA17Chr4g0043671"	"MtrunA17Chr4g0043671"
"MtrunA17Chr4g0043691"	"MtrunA17Chr4g0043691"
"MtrunA17Chr4g0043701"	"MtrunA17Chr4g0043701"
"MtrunA17Chr4g0043791"	"MtrunA17Chr4g0043791"
"MtrunA17Chr4g0043841"	"MtrunA17Chr4g0043841"
"MtrunA17Chr4g0043901"	"MtrunA17Chr4g0043901"
"MtrunA17Chr4g0044441"	"MtrunA17Chr4g0044441"
"MtrunA17Chr4g0044511"	"MtrunA17Chr4g0044511"
"MtrunA17Chr4g0044581"	"MtrunA17Chr4g0044581"
"MtrunA17Chr4g0044651"	"MtrunA17Chr4g0044651"
"MtrunA17Chr4g0044681"	"MtrunA17Chr4g0044681"
"MtrunA17Chr4g0044751"	"MtrunA17Chr4g0044751"
"MtrunA17Chr4g0044831"	"MtrunA17Chr4g0044831"
"MtrunA17Chr4g0045201"	"MtrunA17Chr4g0045201"
"MtrunA17Chr4g0045261"	"MtrunA17Chr4g0045261"
"MtrunA17Chr4g0045321"	"MtrunA17Chr4g0045321"
"MtrunA17Chr4g0045411"	"MtrunA17Chr4g0045411"
"MtrunA17Chr4g0045571"	"MtrunA17Chr4g0045571"
"MtrunA17Chr4g0046031"	"MtrunA17Chr4g0046031"
"MtrunA17Chr4g0046131"	"MtrunA17Chr4g0046131"
"MtrunA17Chr4g0046291"	"MtrunA17Chr4g0046291"
"MtrunA17Chr4g0046831"	"MtrunA17Chr4g0046831"
"MtrunA17Chr4g0047341"	"MtrunA17Chr4g0047341"
"MtrunA17Chr4g0047451"	"MtrunA17Chr4g0047451"
"MtrunA17Chr4g0047551"	"MtrunA17Chr4g0047551"
"MtrunA17Chr4g0047561"	"MtrunA17Chr4g0047561"
"MtrunA17Chr4g0047771"	"MtrunA17Chr4g0047771"
"MtrunA17Chr4g0048111"	"MtrunA17Chr4g0048111"
"MtrunA17Chr4g0048171"	"MtrunA17Chr4g0048171"
"MtrunA17Chr4g0048261"	"MtrunA17Chr4g0048261"
"MtrunA17Chr4g0048631"	"MtrunA17Chr4g0048631"
"MtrunA17Chr4g0048911"	"MtrunA17Chr4g0048911"
"MtrunA17Chr4g0049321"	"MtrunA17Chr4g0049321"
"MtrunA17Chr4g0049341"	"MtrunA17Chr4g0049341"
"MtrunA17Chr4g0049831"	"MtrunA17Chr4g0049831"
"MtrunA17Chr4g0049981"	"MtrunA17Chr4g0049981"
"MtrunA17Chr4g0050021"	"MtrunA17Chr4g0050021"
"MtrunA17Chr4g0050591"	"MtrunA17Chr4g0050591"
"MtrunA17Chr4g0050661"	"MtrunA17Chr4g0050661"
"MtrunA17Chr4g0051041"	"MtrunA17Chr4g0051041"
"MtrunA17Chr4g0051121"	"MtrunA17Chr4g0051121"
"MtrunA17Chr4g0051181"	"MtrunA17Chr4g0051181"
"MtrunA17Chr4g0051831"	"MtrunA17Chr4g0051831"
"MtrunA17Chr4g0051931"	"MtrunA17Chr4g0051931"
"MtrunA17Chr4g0052181"	"MtrunA17Chr4g0052181"
"MtrunA17Chr4g0052291"	"MtrunA17Chr4g0052291"
"MtrunA17Chr4g0052411"	"MtrunA17Chr4g0052411"
"MtrunA17Chr4g0052421"	"MtrunA17Chr4g0052421"
"MtrunA17Chr4g0052491"	"MtrunA17Chr4g0052491"
"MtrunA17Chr4g0052911"	"MtrunA17Chr4g0052911"
"MtrunA17Chr4g0052931"	"MtrunA17Chr4g0052931"
"MtrunA17Chr4g0053211"	"MtrunA17Chr4g0053211"
"MtrunA17Chr4g0053251"	"MtrunA17Chr4g0053251"
"MtrunA17Chr4g0054521"	"MtrunA17Chr4g0054521"
"MtrunA17Chr4g0054861"	"MtrunA17Chr4g0054861"
"MtrunA17Chr4g0054901"	"MtrunA17Chr4g0054901"
"MtrunA17Chr4g0054961"	"MtrunA17Chr4g0054961"
"MtrunA17Chr4g0055031"	"MtrunA17Chr4g0055031"
"MtrunA17Chr4g0055321"	"MtrunA17Chr4g0055321"
"MtrunA17Chr4g0055401"	"MtrunA17Chr4g0055401"
"MtrunA17Chr4g0055421"	"MtrunA17Chr4g0055421"
"MtrunA17Chr4g0055991"	"MtrunA17Chr4g0055991"
"MtrunA17Chr4g0056041"	"MtrunA17Chr4g0056041"
"MtrunA17Chr4g0056251"	"MtrunA17Chr4g0056251"
"MtrunA17Chr4g0056261"	"MtrunA17Chr4g0056261"
"MtrunA17Chr4g0057091"	"MtrunA17Chr4g0057091"
"MtrunA17Chr4g0057271"	"MtrunA17Chr4g0057271"
"MtrunA17Chr4g0057341"	"MtrunA17Chr4g0057341"
"MtrunA17Chr4g0057631"	"MtrunA17Chr4g0057631"
"MtrunA17Chr4g0057761"	"MtrunA17Chr4g0057761"
"MtrunA17Chr4g0058021"	"MtrunA17Chr4g0058021"
"MtrunA17Chr4g0058131"	"MtrunA17Chr4g0058131"
"MtrunA17Chr4g0058701"	"MtrunA17Chr4g0058701"
"MtrunA17Chr4g0058781"	"MtrunA17Chr4g0058781"
"MtrunA17Chr4g0058901"	"MtrunA17Chr4g0058901"
"MtrunA17Chr4g0058971"	"MtrunA17Chr4g0058971"
"MtrunA17Chr4g0059081"	"MtrunA17Chr4g0059081"
"MtrunA17Chr4g0059421"	"MtrunA17Chr4g0059421"
"MtrunA17Chr4g0059881"	"MtrunA17Chr4g0059881"
"MtrunA17Chr4g0059961"	"MtrunA17Chr4g0059961"
"MtrunA17Chr4g0060631"	"MtrunA17Chr4g0060631"
"MtrunA17Chr4g0060641"	"MtrunA17Chr4g0060641"
"MtrunA17Chr4g0060771"	"MtrunA17Chr4g0060771"
"MtrunA17Chr4g0060791"	"MtrunA17Chr4g0060791"
"MtrunA17Chr4g0060951"	"MtrunA17Chr4g0060951"
"MtrunA17Chr4g0061031"	"MtrunA17Chr4g0061031"
"MtrunA17Chr4g0061341"	"MtrunA17Chr4g0061341"
"MtrunA17Chr4g0061601"	"MtrunA17Chr4g0061601"
"MtrunA17Chr4g0061701"	"MtrunA17Chr4g0061701"
"MtrunA17Chr4g0061801"	"MtrunA17Chr4g0061801"
"MtrunA17Chr4g0061971"	"MtrunA17Chr4g0061971"
"MtrunA17Chr4g0062401"	"MtrunA17Chr4g0062401"
"MtrunA17Chr4g0062701"	"MtrunA17Chr4g0062701"
"MtrunA17Chr4g0062821"	"MtrunA17Chr4g0062821"
"MtrunA17Chr4g0062871"	"MtrunA17Chr4g0062871"
"MtrunA17Chr4g0062971"	"MtrunA17Chr4g0062971"
"MtrunA17Chr4g0062991"	"MtrunA17Chr4g0062991"
"MtrunA17Chr4g0063221"	"MtrunA17Chr4g0063221"
"MtrunA17Chr4g0063251"	"MtrunA17Chr4g0063251"
"MtrunA17Chr4g0063531"	"MtrunA17Chr4g0063531"
"MtrunA17Chr4g0063591"	"MtrunA17Chr4g0063591"
"MtrunA17Chr4g0063601"	"MtrunA17Chr4g0063601"
"MtrunA17Chr4g0063791"	"MtrunA17Chr4g0063791"
"MtrunA17Chr4g0064081"	"MtrunA17Chr4g0064081"
"MtrunA17Chr4g0064101"	"MtrunA17Chr4g0064101"
"MtrunA17Chr4g0064321"	"MtrunA17Chr4g0064321"
"MtrunA17Chr4g0064461"	"MtrunA17Chr4g0064461"
"MtrunA17Chr4g0064541"	"MtrunA17Chr4g0064541"
"MtrunA17Chr4g0064741"	"MtrunA17Chr4g0064741"
"MtrunA17Chr4g0065301"	"MtrunA17Chr4g0065301"
"MtrunA17Chr4g0065571"	"MtrunA17Chr4g0065571"
"MtrunA17Chr4g0065771"	"MtrunA17Chr4g0065771"
"MtrunA17Chr4g0065851"	"MtrunA17Chr4g0065851"
"MtrunA17Chr4g0066291"	"MtrunA17Chr4g0066291"
"MtrunA17Chr4g0066451"	"MtrunA17Chr4g0066451"
"MtrunA17Chr4g0066531"	"MtrunA17Chr4g0066531"
"MtrunA17Chr4g0066611"	"MtrunA17Chr4g0066611"
"MtrunA17Chr4g0067451"	"MtrunA17Chr4g0067451"
"MtrunA17Chr4g0067571"	"MtrunA17Chr4g0067571"
"MtrunA17Chr4g0068171"	"MtrunA17Chr4g0068171"
"MtrunA17Chr4g0068201"	"MtrunA17Chr4g0068201"
"MtrunA17Chr4g0068811"	"MtrunA17Chr4g0068811"
"MtrunA17Chr4g0068951"	"MtrunA17Chr4g0068951"
"MtrunA17Chr4g0069261"	"MtrunA17Chr4g0069261"
"MtrunA17Chr4g0069291"	"MtrunA17Chr4g0069291"
"MtrunA17Chr4g0069791"	"MtrunA17Chr4g0069791"
"MtrunA17Chr4g0069831"	"MtrunA17Chr4g0069831"
"MtrunA17Chr4g0069901"	"MtrunA17Chr4g0069901"
"MtrunA17Chr4g0069991"	"MtrunA17Chr4g0069991"
"MtrunA17Chr4g0070281"	"MtrunA17Chr4g0070281"
"MtrunA17Chr4g0070311"	"MtrunA17Chr4g0070311"
"MtrunA17Chr4g0070851"	"MtrunA17Chr4g0070851"
"MtrunA17Chr4g0071061"	"MtrunA17Chr4g0071061"
"MtrunA17Chr4g0071221"	"MtrunA17Chr4g0071221"
"MtrunA17Chr4g0071581"	"MtrunA17Chr4g0071581"
"MtrunA17Chr4g0071671"	"MtrunA17Chr4g0071671"
"MtrunA17Chr4g0071771"	"MtrunA17Chr4g0071771"
"MtrunA17Chr4g0071871"	"MtrunA17Chr4g0071871"
"MtrunA17Chr4g0072241"	"MtrunA17Chr4g0072241"
"MtrunA17Chr4g0072331"	"MtrunA17Chr4g0072331"
"MtrunA17Chr4g0072491"	"MtrunA17Chr4g0072491"
"MtrunA17Chr4g0072791"	"MtrunA17Chr4g0072791"
"MtrunA17Chr4g0072851"	"MtrunA17Chr4g0072851"
"MtrunA17Chr4g0072901"	"MtrunA17Chr4g0072901"
"MtrunA17Chr4g0073161"	"MtrunA17Chr4g0073161"
"MtrunA17Chr4g0073391"	"MtrunA17Chr4g0073391"
"MtrunA17Chr4g0073541"	"MtrunA17Chr4g0073541"
"MtrunA17Chr4g0074071"	"MtrunA17Chr4g0074071"
"MtrunA17Chr4g0074481"	"MtrunA17Chr4g0074481"
"MtrunA17Chr4g0074591"	"MtrunA17Chr4g0074591"
"MtrunA17Chr4g0074851"	"MtrunA17Chr4g0074851"
"MtrunA17Chr4g0074871"	"MtrunA17Chr4g0074871"
"MtrunA17Chr4g0074991"	"MtrunA17Chr4g0074991"
"MtrunA17Chr4g0075251"	"MtrunA17Chr4g0075251"
"MtrunA17Chr4g0075571"	"MtrunA17Chr4g0075571"
"MtrunA17Chr4g0076261"	"MtrunA17Chr4g0076261"
"MtrunA17Chr4g0076451"	"MtrunA17Chr4g0076451"
"MtrunA17Chr4g0076711"	"MtrunA17Chr4g0076711"
"MtrunA17Chr4g0076881"	"MtrunA17Chr4g0076881"
"MtrunA17Chr4g0077101"	"MtrunA17Chr4g0077101"
"MtrunA17Chr5g0393391"	"MtrunA17Chr5g0393391"
"MtrunA17Chr5g0393431"	"MtrunA17Chr5g0393431"
"MtrunA17Chr5g0393461"	"MtrunA17Chr5g0393461"
"MtrunA17Chr5g0393551"	"MtrunA17Chr5g0393551"
"MtrunA17Chr5g0393571"	"MtrunA17Chr5g0393571"
"MtrunA17Chr5g0393691"	"MtrunA17Chr5g0393691"
"MtrunA17Chr5g0393711"	"MtrunA17Chr5g0393711"
"MtrunA17Chr5g0393941"	"MtrunA17Chr5g0393941"
"MtrunA17Chr5g0393951"	"MtrunA17Chr5g0393951"
"MtrunA17Chr5g0394011"	"MtrunA17Chr5g0394011"
"MtrunA17Chr5g0394201"	"MtrunA17Chr5g0394201"
"MtrunA17Chr5g0394691"	"MtrunA17Chr5g0394691"
"MtrunA17Chr5g0394901"	"MtrunA17Chr5g0394901"
"MtrunA17Chr5g0395011"	"MtrunA17Chr5g0395011"
"MtrunA17Chr5g0395201"	"MtrunA17Chr5g0395201"
"MtrunA17Chr5g0395961"	"MtrunA17Chr5g0395961"
"MtrunA17Chr5g0396041"	"MtrunA17Chr5g0396041"
"MtrunA17Chr5g0396061"	"MtrunA17Chr5g0396061"
"MtrunA17Chr5g0396141"	"MtrunA17Chr5g0396141"
"MtrunA17Chr5g0396201"	"MtrunA17Chr5g0396201"
"MtrunA17Chr5g0396291"	"MtrunA17Chr5g0396291"
"MtrunA17Chr5g0396421"	"MtrunA17Chr5g0396421"
"MtrunA17Chr5g0396521"	"MtrunA17Chr5g0396521"
"MtrunA17Chr5g0396531"	"MtrunA17Chr5g0396531"
"MtrunA17Chr5g0396561"	"MtrunA17Chr5g0396561"
"MtrunA17Chr5g0396951"	"MtrunA17Chr5g0396951"
"MtrunA17Chr5g0397821"	"MtrunA17Chr5g0397821"
"MtrunA17Chr5g0397931"	"MtrunA17Chr5g0397931"
"MtrunA17Chr5g0398151"	"MtrunA17Chr5g0398151"
"MtrunA17Chr5g0398581"	"MtrunA17Chr5g0398581"
"MtrunA17Chr5g0398681"	"MtrunA17Chr5g0398681"
"MtrunA17Chr5g0398751"	"MtrunA17Chr5g0398751"
"MtrunA17Chr5g0398871"	"MtrunA17Chr5g0398871"
"MtrunA17Chr5g0398961"	"MtrunA17Chr5g0398961"
"MtrunA17Chr5g0398981"	"MtrunA17Chr5g0398981"
"MtrunA17Chr5g0398991"	"MtrunA17Chr5g0398991"
"MtrunA17Chr5g0399031"	"MtrunA17Chr5g0399031"
"MtrunA17Chr5g0399171"	"MtrunA17Chr5g0399171"
"MtrunA17Chr5g0399191"	"MtrunA17Chr5g0399191"
"MtrunA17Chr5g0399401"	"MtrunA17Chr5g0399401"
"MtrunA17Chr5g0399451"	"MtrunA17Chr5g0399451"
"MtrunA17Chr5g0399691"	"MtrunA17Chr5g0399691"
"MtrunA17Chr5g0399831"	"MtrunA17Chr5g0399831"
"MtrunA17Chr5g0400141"	"MtrunA17Chr5g0400141"
"MtrunA17Chr5g0400361"	"MtrunA17Chr5g0400361"
"MtrunA17Chr5g0400451"	"MtrunA17Chr5g0400451"
"MtrunA17Chr5g0400971"	"MtrunA17Chr5g0400971"
"MtrunA17Chr5g0400981"	"MtrunA17Chr5g0400981"
"MtrunA17Chr5g0401081"	"MtrunA17Chr5g0401081"
"MtrunA17Chr5g0401211"	"MtrunA17Chr5g0401211"
"MtrunA17Chr5g0401281"	"MtrunA17Chr5g0401281"
"MtrunA17Chr5g0401381"	"MtrunA17Chr5g0401381"
"MtrunA17Chr5g0401471"	"MtrunA17Chr5g0401471"
"MtrunA17Chr5g0401851"	"MtrunA17Chr5g0401851"
"MtrunA17Chr5g0401871"	"MtrunA17Chr5g0401871"
"MtrunA17Chr5g0401941"	"MtrunA17Chr5g0401941"
"MtrunA17Chr5g0402401"	"MtrunA17Chr5g0402401"
"MtrunA17Chr5g0402921"	"MtrunA17Chr5g0402921"
"MtrunA17Chr5g0403051"	"MtrunA17Chr5g0403051"
"MtrunA17Chr5g0403951"	"MtrunA17Chr5g0403951"
"MtrunA17Chr5g0404341"	"MtrunA17Chr5g0404341"
"MtrunA17Chr5g0404381"	"MtrunA17Chr5g0404381"
"MtrunA17Chr5g0404551"	"MtrunA17Chr5g0404551"
"MtrunA17Chr5g0404641"	"MtrunA17Chr5g0404641"
"MtrunA17Chr5g0404791"	"MtrunA17Chr5g0404791"
"MtrunA17Chr5g0404841"	"MtrunA17Chr5g0404841"
"MtrunA17Chr5g0405421"	"MtrunA17Chr5g0405421"
"MtrunA17Chr5g0406081"	"MtrunA17Chr5g0406081"
"MtrunA17Chr5g0406121"	"MtrunA17Chr5g0406121"
"MtrunA17Chr5g0406141"	"MtrunA17Chr5g0406141"
"MtrunA17Chr5g0406251"	"MtrunA17Chr5g0406251"
"MtrunA17Chr5g0406301"	"MtrunA17Chr5g0406301"
"MtrunA17Chr5g0407181"	"MtrunA17Chr5g0407181"
"MtrunA17Chr5g0407501"	"MtrunA17Chr5g0407501"
"MtrunA17Chr5g0407911"	"MtrunA17Chr5g0407911"
"MtrunA17Chr5g0407921"	"MtrunA17Chr5g0407921"
"MtrunA17Chr5g0407971"	"MtrunA17Chr5g0407971"
"MtrunA17Chr5g0407981"	"MtrunA17Chr5g0407981"
"MtrunA17Chr5g0408121"	"MtrunA17Chr5g0408121"
"MtrunA17Chr5g0408891"	"MtrunA17Chr5g0408891"
"MtrunA17Chr5g0409071"	"MtrunA17Chr5g0409071"
"MtrunA17Chr5g0409101"	"MtrunA17Chr5g0409101"
"MtrunA17Chr5g0409121"	"MtrunA17Chr5g0409121"
"MtrunA17Chr5g0409141"	"MtrunA17Chr5g0409141"
"MtrunA17Chr5g0409401"	"MtrunA17Chr5g0409401"
"MtrunA17Chr5g0409411"	"MtrunA17Chr5g0409411"
"MtrunA17Chr5g0409801"	"MtrunA17Chr5g0409801"
"MtrunA17Chr5g0411151"	"MtrunA17Chr5g0411151"
"MtrunA17Chr5g0411431"	"MtrunA17Chr5g0411431"
"MtrunA17Chr5g0411571"	"MtrunA17Chr5g0411571"
"MtrunA17Chr5g0411641"	"MtrunA17Chr5g0411641"
"MtrunA17Chr5g0411661"	"MtrunA17Chr5g0411661"
"MtrunA17Chr5g0412311"	"MtrunA17Chr5g0412311"
"MtrunA17Chr5g0413071"	"MtrunA17Chr5g0413071"
"MtrunA17Chr5g0413111"	"MtrunA17Chr5g0413111"
"MtrunA17Chr5g0413331"	"MtrunA17Chr5g0413331"
"MtrunA17Chr5g0413681"	"MtrunA17Chr5g0413681"
"MtrunA17Chr5g0414471"	"MtrunA17Chr5g0414471"
"MtrunA17Chr5g0414901"	"MtrunA17Chr5g0414901"
"MtrunA17Chr5g0415021"	"MtrunA17Chr5g0415021"
"MtrunA17Chr5g0415171"	"MtrunA17Chr5g0415171"
"MtrunA17Chr5g0416001"	"MtrunA17Chr5g0416001"
"MtrunA17Chr5g0416011"	"MtrunA17Chr5g0416011"
"MtrunA17Chr5g0416021"	"MtrunA17Chr5g0416021"
"MtrunA17Chr5g0416111"	"MtrunA17Chr5g0416111"
"MtrunA17Chr5g0416331"	"MtrunA17Chr5g0416331"
"MtrunA17Chr5g0416421"	"MtrunA17Chr5g0416421"
"MtrunA17Chr5g0417011"	"MtrunA17Chr5g0417011"
"MtrunA17Chr5g0417741"	"MtrunA17Chr5g0417741"
"MtrunA17Chr5g0417781"	"MtrunA17Chr5g0417781"
"MtrunA17Chr5g0417851"	"MtrunA17Chr5g0417851"
"MtrunA17Chr5g0418011"	"MtrunA17Chr5g0418011"
"MtrunA17Chr5g0418041"	"MtrunA17Chr5g0418041"
"MtrunA17Chr5g0418211"	"MtrunA17Chr5g0418211"
"MtrunA17Chr5g0418311"	"MtrunA17Chr5g0418311"
"MtrunA17Chr5g0418441"	"MtrunA17Chr5g0418441"
"MtrunA17Chr5g0418811"	"MtrunA17Chr5g0418811"
"MtrunA17Chr5g0418841"	"MtrunA17Chr5g0418841"
"MtrunA17Chr5g0419361"	"MtrunA17Chr5g0419361"
"MtrunA17Chr5g0419401"	"MtrunA17Chr5g0419401"
"MtrunA17Chr5g0419611"	"MtrunA17Chr5g0419611"
"MtrunA17Chr5g0419621"	"MtrunA17Chr5g0419621"
"MtrunA17Chr5g0419761"	"MtrunA17Chr5g0419761"
"MtrunA17Chr5g0419801"	"MtrunA17Chr5g0419801"
"MtrunA17Chr5g0420141"	"MtrunA17Chr5g0420141"
"MtrunA17Chr5g0420221"	"MtrunA17Chr5g0420221"
"MtrunA17Chr5g0421331"	"MtrunA17Chr5g0421331"
"MtrunA17Chr5g0422641"	"MtrunA17Chr5g0422641"
"MtrunA17Chr5g0422891"	"MtrunA17Chr5g0422891"
"MtrunA17Chr5g0423381"	"MtrunA17Chr5g0423381"
"MtrunA17Chr5g0423471"	"MtrunA17Chr5g0423471"
"MtrunA17Chr5g0423541"	"MtrunA17Chr5g0423541"
"MtrunA17Chr5g0423551"	"MtrunA17Chr5g0423551"
"MtrunA17Chr5g0423571"	"MtrunA17Chr5g0423571"
"MtrunA17Chr5g0423771"	"MtrunA17Chr5g0423771"
"MtrunA17Chr5g0424111"	"MtrunA17Chr5g0424111"
"MtrunA17Chr5g0424151"	"MtrunA17Chr5g0424151"
"MtrunA17Chr5g0424491"	"MtrunA17Chr5g0424491"
"MtrunA17Chr5g0425251"	"MtrunA17Chr5g0425251"
"MtrunA17Chr5g0425971"	"MtrunA17Chr5g0425971"
"MtrunA17Chr5g0426551"	"MtrunA17Chr5g0426551"
"MtrunA17Chr5g0426641"	"MtrunA17Chr5g0426641"
"MtrunA17Chr5g0427101"	"MtrunA17Chr5g0427101"
"MtrunA17Chr5g0427231"	"MtrunA17Chr5g0427231"
"MtrunA17Chr5g0427751"	"MtrunA17Chr5g0427751"
"MtrunA17Chr5g0427811"	"MtrunA17Chr5g0427811"
"MtrunA17Chr5g0427851"	"MtrunA17Chr5g0427851"
"MtrunA17Chr5g0428261"	"MtrunA17Chr5g0428261"
"MtrunA17Chr5g0428311"	"MtrunA17Chr5g0428311"
"MtrunA17Chr5g0428361"	"MtrunA17Chr5g0428361"
"MtrunA17Chr5g0428451"	"MtrunA17Chr5g0428451"
"MtrunA17Chr5g0428931"	"MtrunA17Chr5g0428931"
"MtrunA17Chr5g0428941"	"MtrunA17Chr5g0428941"
"MtrunA17Chr5g0429281"	"MtrunA17Chr5g0429281"
"MtrunA17Chr5g0429501"	"MtrunA17Chr5g0429501"
"MtrunA17Chr5g0429651"	"MtrunA17Chr5g0429651"
"MtrunA17Chr5g0429671"	"MtrunA17Chr5g0429671"
"MtrunA17Chr5g0429871"	"MtrunA17Chr5g0429871"
"MtrunA17Chr5g0430261"	"MtrunA17Chr5g0430261"
"MtrunA17Chr5g0430471"	"MtrunA17Chr5g0430471"
"MtrunA17Chr5g0430841"	"MtrunA17Chr5g0430841"
"MtrunA17Chr5g0431451"	"MtrunA17Chr5g0431451"
"MtrunA17Chr5g0432201"	"MtrunA17Chr5g0432201"
"MtrunA17Chr5g0433261"	"MtrunA17Chr5g0433261"
"MtrunA17Chr5g0433301"	"MtrunA17Chr5g0433301"
"MtrunA17Chr5g0433621"	"MtrunA17Chr5g0433621"
"MtrunA17Chr5g0433911"	"MtrunA17Chr5g0433911"
"MtrunA17Chr5g0434021"	"MtrunA17Chr5g0434021"
"MtrunA17Chr5g0434081"	"MtrunA17Chr5g0434081"
"MtrunA17Chr5g0434401"	"MtrunA17Chr5g0434401"
"MtrunA17Chr5g0434561"	"MtrunA17Chr5g0434561"
"MtrunA17Chr5g0434581"	"MtrunA17Chr5g0434581"
"MtrunA17Chr5g0434591"	"MtrunA17Chr5g0434591"
"MtrunA17Chr5g0434971"	"MtrunA17Chr5g0434971"
"MtrunA17Chr5g0435251"	"MtrunA17Chr5g0435251"
"MtrunA17Chr5g0435521"	"MtrunA17Chr5g0435521"
"MtrunA17Chr5g0436061"	"MtrunA17Chr5g0436061"
"MtrunA17Chr5g0436341"	"MtrunA17Chr5g0436341"
"MtrunA17Chr5g0436701"	"MtrunA17Chr5g0436701"
"MtrunA17Chr5g0436951"	"MtrunA17Chr5g0436951"
"MtrunA17Chr5g0437071"	"MtrunA17Chr5g0437071"
"MtrunA17Chr5g0437301"	"MtrunA17Chr5g0437301"
"MtrunA17Chr5g0437411"	"MtrunA17Chr5g0437411"
"MtrunA17Chr5g0437601"	"MtrunA17Chr5g0437601"
"MtrunA17Chr5g0438661"	"MtrunA17Chr5g0438661"
"MtrunA17Chr5g0438901"	"MtrunA17Chr5g0438901"
"MtrunA17Chr5g0439011"	"MtrunA17Chr5g0439011"
"MtrunA17Chr5g0439121"	"MtrunA17Chr5g0439121"
"MtrunA17Chr5g0439131"	"MtrunA17Chr5g0439131"
"MtrunA17Chr5g0439731"	"MtrunA17Chr5g0439731"
"MtrunA17Chr5g0439871"	"MtrunA17Chr5g0439871"
"MtrunA17Chr5g0440371"	"MtrunA17Chr5g0440371"
"MtrunA17Chr5g0440381"	"MtrunA17Chr5g0440381"
"MtrunA17Chr5g0440411"	"MtrunA17Chr5g0440411"
"MtrunA17Chr5g0440511"	"MtrunA17Chr5g0440511"
"MtrunA17Chr5g0441311"	"MtrunA17Chr5g0441311"
"MtrunA17Chr5g0441391"	"MtrunA17Chr5g0441391"
"MtrunA17Chr5g0441721"	"MtrunA17Chr5g0441721"
"MtrunA17Chr5g0441801"	"MtrunA17Chr5g0441801"
"MtrunA17Chr5g0442001"	"MtrunA17Chr5g0442001"
"MtrunA17Chr5g0442071"	"MtrunA17Chr5g0442071"
"MtrunA17Chr5g0442211"	"MtrunA17Chr5g0442211"
"MtrunA17Chr5g0442891"	"MtrunA17Chr5g0442891"
"MtrunA17Chr5g0443511"	"MtrunA17Chr5g0443511"
"MtrunA17Chr5g0443731"	"MtrunA17Chr5g0443731"
"MtrunA17Chr5g0444251"	"MtrunA17Chr5g0444251"
"MtrunA17Chr5g0444401"	"MtrunA17Chr5g0444401"
"MtrunA17Chr5g0444801"	"MtrunA17Chr5g0444801"
"MtrunA17Chr5g0445161"	"MtrunA17Chr5g0445161"
"MtrunA17Chr5g0445201"	"MtrunA17Chr5g0445201"
"MtrunA17Chr5g0445481"	"MtrunA17Chr5g0445481"
"MtrunA17Chr5g0446431"	"MtrunA17Chr5g0446431"
"MtrunA17Chr5g0446451"	"MtrunA17Chr5g0446451"
"MtrunA17Chr5g0446691"	"MtrunA17Chr5g0446691"
"MtrunA17Chr5g0446851"	"MtrunA17Chr5g0446851"
"MtrunA17Chr5g0447241"	"MtrunA17Chr5g0447241"
"MtrunA17Chr5g0447251"	"MtrunA17Chr5g0447251"
"MtrunA17Chr5g0447491"	"MtrunA17Chr5g0447491"
"MtrunA17Chr5g0447531"	"MtrunA17Chr5g0447531"
"MtrunA17Chr5g0447931"	"MtrunA17Chr5g0447931"
"MtrunA17Chr5g0448051"	"MtrunA17Chr5g0448051"
"MtrunA17Chr5g0448141"	"MtrunA17Chr5g0448141"
"MtrunA17Chr5g0448361"	"MtrunA17Chr5g0448361"
"MtrunA17Chr5g0448691"	"MtrunA17Chr5g0448691"
"MtrunA17Chr6g0448821"	"MtrunA17Chr6g0448821"
"MtrunA17Chr6g0448901"	"MtrunA17Chr6g0448901"
"MtrunA17Chr6g0448981"	"MtrunA17Chr6g0448981"
"MtrunA17Chr6g0449001"	"MtrunA17Chr6g0449001"
"MtrunA17Chr6g0449291"	"MtrunA17Chr6g0449291"
"MtrunA17Chr6g0449461"	"MtrunA17Chr6g0449461"
"MtrunA17Chr6g0449501"	"MtrunA17Chr6g0449501"
"MtrunA17Chr6g0449581"	"MtrunA17Chr6g0449581"
"MtrunA17Chr6g0449601"	"MtrunA17Chr6g0449601"
"MtrunA17Chr6g0449691"	"MtrunA17Chr6g0449691"
"MtrunA17Chr6g0450691"	"MtrunA17Chr6g0450691"
"MtrunA17Chr6g0450851"	"MtrunA17Chr6g0450851"
"MtrunA17Chr6g0450871"	"MtrunA17Chr6g0450871"
"MtrunA17Chr6g0451131"	"MtrunA17Chr6g0451131"
"MtrunA17Chr6g0451931"	"MtrunA17Chr6g0451931"
"MtrunA17Chr6g0452701"	"MtrunA17Chr6g0452701"
"MtrunA17Chr6g0452721"	"MtrunA17Chr6g0452721"
"MtrunA17Chr6g0452761"	"MtrunA17Chr6g0452761"
"MtrunA17Chr6g0453531"	"MtrunA17Chr6g0453531"
"MtrunA17Chr6g0454071"	"MtrunA17Chr6g0454071"
"MtrunA17Chr6g0455451"	"MtrunA17Chr6g0455451"
"MtrunA17Chr6g0455571"	"MtrunA17Chr6g0455571"
"MtrunA17Chr6g0455591"	"MtrunA17Chr6g0455591"
"MtrunA17Chr6g0455651"	"MtrunA17Chr6g0455651"
"MtrunA17Chr6g0456031"	"MtrunA17Chr6g0456031"
"MtrunA17Chr6g0456231"	"MtrunA17Chr6g0456231"
"MtrunA17Chr6g0456421"	"MtrunA17Chr6g0456421"
"MtrunA17Chr6g0456431"	"MtrunA17Chr6g0456431"
"MtrunA17Chr6g0456871"	"MtrunA17Chr6g0456871"
"MtrunA17Chr6g0457151"	"MtrunA17Chr6g0457151"
"MtrunA17Chr6g0458201"	"MtrunA17Chr6g0458201"
"MtrunA17Chr6g0458321"	"MtrunA17Chr6g0458321"
"MtrunA17Chr6g0459441"	"MtrunA17Chr6g0459441"
"MtrunA17Chr6g0460261"	"MtrunA17Chr6g0460261"
"MtrunA17Chr6g0460371"	"MtrunA17Chr6g0460371"
"MtrunA17Chr6g0460921"	"MtrunA17Chr6g0460921"
"MtrunA17Chr6g0461011"	"MtrunA17Chr6g0461011"
"MtrunA17Chr6g0461061"	"MtrunA17Chr6g0461061"
"MtrunA17Chr6g0461131"	"MtrunA17Chr6g0461131"
"MtrunA17Chr6g0461321"	"MtrunA17Chr6g0461321"
"MtrunA17Chr6g0462031"	"MtrunA17Chr6g0462031"
"MtrunA17Chr6g0462411"	"MtrunA17Chr6g0462411"
"MtrunA17Chr6g0463101"	"MtrunA17Chr6g0463101"
"MtrunA17Chr6g0466611"	"MtrunA17Chr6g0466611"
"MtrunA17Chr6g0466631"	"MtrunA17Chr6g0466631"
"MtrunA17Chr6g0466681"	"MtrunA17Chr6g0466681"
"MtrunA17Chr6g0467121"	"MtrunA17Chr6g0467121"
"MtrunA17Chr6g0470231"	"MtrunA17Chr6g0470231"
"MtrunA17Chr6g0471231"	"MtrunA17Chr6g0471231"
"MtrunA17Chr6g0471271"	"MtrunA17Chr6g0471271"
"MtrunA17Chr6g0472321"	"MtrunA17Chr6g0472321"
"MtrunA17Chr6g0472451"	"MtrunA17Chr6g0472451"
"MtrunA17Chr6g0474071"	"MtrunA17Chr6g0474071"
"MtrunA17Chr6g0476311"	"MtrunA17Chr6g0476311"
"MtrunA17Chr6g0476331"	"MtrunA17Chr6g0476331"
"MtrunA17Chr6g0476661"	"MtrunA17Chr6g0476661"
"MtrunA17Chr6g0476781"	"MtrunA17Chr6g0476781"
"MtrunA17Chr6g0477101"	"MtrunA17Chr6g0477101"
"MtrunA17Chr6g0477771"	"MtrunA17Chr6g0477771"
"MtrunA17Chr6g0478081"	"MtrunA17Chr6g0478081"
"MtrunA17Chr6g0478161"	"MtrunA17Chr6g0478161"
"MtrunA17Chr6g0478481"	"MtrunA17Chr6g0478481"
"MtrunA17Chr6g0478491"	"MtrunA17Chr6g0478491"
"MtrunA17Chr6g0478521"	"MtrunA17Chr6g0478521"
"MtrunA17Chr6g0478551"	"MtrunA17Chr6g0478551"
"MtrunA17Chr6g0478581"	"MtrunA17Chr6g0478581"
"MtrunA17Chr6g0478651"	"MtrunA17Chr6g0478651"
"MtrunA17Chr6g0479141"	"MtrunA17Chr6g0479141"
"MtrunA17Chr6g0479311"	"MtrunA17Chr6g0479311"
"MtrunA17Chr6g0479331"	"MtrunA17Chr6g0479331"
"MtrunA17Chr6g0479511"	"MtrunA17Chr6g0479511"
"MtrunA17Chr6g0480011"	"MtrunA17Chr6g0480011"
"MtrunA17Chr6g0480631"	"MtrunA17Chr6g0480631"
"MtrunA17Chr6g0481071"	"MtrunA17Chr6g0481071"
"MtrunA17Chr6g0481721"	"MtrunA17Chr6g0481721"
"MtrunA17Chr6g0481761"	"MtrunA17Chr6g0481761"
"MtrunA17Chr6g0482521"	"MtrunA17Chr6g0482521"
"MtrunA17Chr6g0482721"	"MtrunA17Chr6g0482721"
"MtrunA17Chr6g0483141"	"MtrunA17Chr6g0483141"
"MtrunA17Chr6g0483701"	"MtrunA17Chr6g0483701"
"MtrunA17Chr6g0484231"	"MtrunA17Chr6g0484231"
"MtrunA17Chr6g0485301"	"MtrunA17Chr6g0485301"
"MtrunA17Chr6g0485311"	"MtrunA17Chr6g0485311"
"MtrunA17Chr6g0485681"	"MtrunA17Chr6g0485681"
"MtrunA17Chr6g0485841"	"MtrunA17Chr6g0485841"
"MtrunA17Chr6g0486111"	"MtrunA17Chr6g0486111"
"MtrunA17Chr6g0486661"	"MtrunA17Chr6g0486661"
"MtrunA17Chr6g0486831"	"MtrunA17Chr6g0486831"
"MtrunA17Chr6g0487101"	"MtrunA17Chr6g0487101"
"MtrunA17Chr6g0487171"	"MtrunA17Chr6g0487171"
"MtrunA17Chr6g0487231"	"MtrunA17Chr6g0487231"
"MtrunA17Chr6g0487251"	"MtrunA17Chr6g0487251"
"MtrunA17Chr6g0487421"	"MtrunA17Chr6g0487421"
"MtrunA17Chr6g0487981"	"MtrunA17Chr6g0487981"
"MtrunA17Chr6g0488511"	"MtrunA17Chr6g0488511"
"MtrunA17Chr6g0488831"	"MtrunA17Chr6g0488831"
"MtrunA17Chr7g0214111"	"MtrunA17Chr7g0214111"
"MtrunA17Chr7g0214151"	"MtrunA17Chr7g0214151"
"MtrunA17Chr7g0214171"	"MtrunA17Chr7g0214171"
"MtrunA17Chr7g0214651"	"MtrunA17Chr7g0214651"
"MtrunA17Chr7g0214681"	"MtrunA17Chr7g0214681"
"MtrunA17Chr7g0214751"	"MtrunA17Chr7g0214751"
"MtrunA17Chr7g0214841"	"MtrunA17Chr7g0214841"
"MtrunA17Chr7g0215181"	"MtrunA17Chr7g0215181"
"MtrunA17Chr7g0216841"	"MtrunA17Chr7g0216841"
"MtrunA17Chr7g0216911"	"MtrunA17Chr7g0216911"
"MtrunA17Chr7g0217311"	"MtrunA17Chr7g0217311"
"MtrunA17Chr7g0217941"	"MtrunA17Chr7g0217941"
"MtrunA17Chr7g0218121"	"MtrunA17Chr7g0218121"
"MtrunA17Chr7g0218321"	"MtrunA17Chr7g0218321"
"MtrunA17Chr7g0218421"	"MtrunA17Chr7g0218421"
"MtrunA17Chr7g0218701"	"MtrunA17Chr7g0218701"
"MtrunA17Chr7g0218731"	"MtrunA17Chr7g0218731"
"MtrunA17Chr7g0218791"	"MtrunA17Chr7g0218791"
"MtrunA17Chr7g0218861"	"MtrunA17Chr7g0218861"
"MtrunA17Chr7g0219051"	"MtrunA17Chr7g0219051"
"MtrunA17Chr7g0219561"	"MtrunA17Chr7g0219561"
"MtrunA17Chr7g0219951"	"MtrunA17Chr7g0219951"
"MtrunA17Chr7g0219961"	"MtrunA17Chr7g0219961"
"MtrunA17Chr7g0220311"	"MtrunA17Chr7g0220311"
"MtrunA17Chr7g0221341"	"MtrunA17Chr7g0221341"
"MtrunA17Chr7g0221441"	"MtrunA17Chr7g0221441"
"MtrunA17Chr7g0222381"	"MtrunA17Chr7g0222381"
"MtrunA17Chr7g0222471"	"MtrunA17Chr7g0222471"
"MtrunA17Chr7g0222641"	"MtrunA17Chr7g0222641"
"MtrunA17Chr7g0222781"	"MtrunA17Chr7g0222781"
"MtrunA17Chr7g0223161"	"MtrunA17Chr7g0223161"
"MtrunA17Chr7g0223271"	"MtrunA17Chr7g0223271"
"MtrunA17Chr7g0223291"	"MtrunA17Chr7g0223291"
"MtrunA17Chr7g0223961"	"MtrunA17Chr7g0223961"
"MtrunA17Chr7g0224571"	"MtrunA17Chr7g0224571"
"MtrunA17Chr7g0225141"	"MtrunA17Chr7g0225141"
"MtrunA17Chr7g0225451"	"MtrunA17Chr7g0225451"
"MtrunA17Chr7g0225601"	"MtrunA17Chr7g0225601"
"MtrunA17Chr7g0225641"	"MtrunA17Chr7g0225641"
"MtrunA17Chr7g0226551"	"MtrunA17Chr7g0226551"
"MtrunA17Chr7g0226571"	"MtrunA17Chr7g0226571"
"MtrunA17Chr7g0226941"	"MtrunA17Chr7g0226941"
"MtrunA17Chr7g0227081"	"MtrunA17Chr7g0227081"
"MtrunA17Chr7g0227861"	"MtrunA17Chr7g0227861"
"MtrunA17Chr7g0228141"	"MtrunA17Chr7g0228141"
"MtrunA17Chr7g0228311"	"MtrunA17Chr7g0228311"
"MtrunA17Chr7g0228921"	"MtrunA17Chr7g0228921"
"MtrunA17Chr7g0231191"	"MtrunA17Chr7g0231191"
"MtrunA17Chr7g0232061"	"MtrunA17Chr7g0232061"
"MtrunA17Chr7g0232311"	"MtrunA17Chr7g0232311"
"MtrunA17Chr7g0232401"	"MtrunA17Chr7g0232401"
"MtrunA17Chr7g0233051"	"MtrunA17Chr7g0233051"
"MtrunA17Chr7g0233091"	"MtrunA17Chr7g0233091"
"MtrunA17Chr7g0233471"	"MtrunA17Chr7g0233471"
"MtrunA17Chr7g0233601"	"MtrunA17Chr7g0233601"
"MtrunA17Chr7g0233761"	"MtrunA17Chr7g0233761"
"MtrunA17Chr7g0233911"	"MtrunA17Chr7g0233911"
"MtrunA17Chr7g0233951"	"MtrunA17Chr7g0233951"
"MtrunA17Chr7g0234061"	"MtrunA17Chr7g0234061"
"MtrunA17Chr7g0234201"	"MtrunA17Chr7g0234201"
"MtrunA17Chr7g0234641"	"MtrunA17Chr7g0234641"
"MtrunA17Chr7g0234661"	"MtrunA17Chr7g0234661"
"MtrunA17Chr7g0235331"	"MtrunA17Chr7g0235331"
"MtrunA17Chr7g0235501"	"MtrunA17Chr7g0235501"
"MtrunA17Chr7g0235551"	"MtrunA17Chr7g0235551"
"MtrunA17Chr7g0235621"	"MtrunA17Chr7g0235621"
"MtrunA17Chr7g0236881"	"MtrunA17Chr7g0236881"
"MtrunA17Chr7g0237111"	"MtrunA17Chr7g0237111"
"MtrunA17Chr7g0237591"	"MtrunA17Chr7g0237591"
"MtrunA17Chr7g0238681"	"MtrunA17Chr7g0238681"
"MtrunA17Chr7g0239131"	"MtrunA17Chr7g0239131"
"MtrunA17Chr7g0239341"	"MtrunA17Chr7g0239341"
"MtrunA17Chr7g0239421"	"MtrunA17Chr7g0239421"
"MtrunA17Chr7g0239701"	"MtrunA17Chr7g0239701"
"MtrunA17Chr7g0241151"	"MtrunA17Chr7g0241151"
"MtrunA17Chr7g0241561"	"MtrunA17Chr7g0241561"
"MtrunA17Chr7g0241591"	"MtrunA17Chr7g0241591"
"MtrunA17Chr7g0241811"	"MtrunA17Chr7g0241811"
"MtrunA17Chr7g0241841"	"MtrunA17Chr7g0241841"
"MtrunA17Chr7g0241911"	"MtrunA17Chr7g0241911"
"MtrunA17Chr7g0242261"	"MtrunA17Chr7g0242261"
"MtrunA17Chr7g0242461"	"MtrunA17Chr7g0242461"
"MtrunA17Chr7g0242561"	"MtrunA17Chr7g0242561"
"MtrunA17Chr7g0242661"	"MtrunA17Chr7g0242661"
"MtrunA17Chr7g0242941"	"MtrunA17Chr7g0242941"
"MtrunA17Chr7g0243051"	"MtrunA17Chr7g0243051"
"MtrunA17Chr7g0243071"	"MtrunA17Chr7g0243071"
"MtrunA17Chr7g0243261"	"MtrunA17Chr7g0243261"
"MtrunA17Chr7g0243511"	"MtrunA17Chr7g0243511"
"MtrunA17Chr7g0244271"	"MtrunA17Chr7g0244271"
"MtrunA17Chr7g0244421"	"MtrunA17Chr7g0244421"
"MtrunA17Chr7g0244541"	"MtrunA17Chr7g0244541"
"MtrunA17Chr7g0244901"	"MtrunA17Chr7g0244901"
"MtrunA17Chr7g0245141"	"MtrunA17Chr7g0245141"
"MtrunA17Chr7g0245241"	"MtrunA17Chr7g0245241"
"MtrunA17Chr7g0245301"	"MtrunA17Chr7g0245301"
"MtrunA17Chr7g0245321"	"MtrunA17Chr7g0245321"
"MtrunA17Chr7g0245371"	"MtrunA17Chr7g0245371"
"MtrunA17Chr7g0245401"	"MtrunA17Chr7g0245401"
"MtrunA17Chr7g0245571"	"MtrunA17Chr7g0245571"
"MtrunA17Chr7g0246231"	"MtrunA17Chr7g0246231"
"MtrunA17Chr7g0246311"	"MtrunA17Chr7g0246311"
"MtrunA17Chr7g0246441"	"MtrunA17Chr7g0246441"
"MtrunA17Chr7g0246451"	"MtrunA17Chr7g0246451"
"MtrunA17Chr7g0246591"	"MtrunA17Chr7g0246591"
"MtrunA17Chr7g0246821"	"MtrunA17Chr7g0246821"
"MtrunA17Chr7g0247051"	"MtrunA17Chr7g0247051"
"MtrunA17Chr7g0247631"	"MtrunA17Chr7g0247631"
"MtrunA17Chr7g0248461"	"MtrunA17Chr7g0248461"
"MtrunA17Chr7g0248961"	"MtrunA17Chr7g0248961"
"MtrunA17Chr7g0249351"	"MtrunA17Chr7g0249351"
"MtrunA17Chr7g0249551"	"MtrunA17Chr7g0249551"
"MtrunA17Chr7g0249581"	"MtrunA17Chr7g0249581"
"MtrunA17Chr7g0249611"	"MtrunA17Chr7g0249611"
"MtrunA17Chr7g0249761"	"MtrunA17Chr7g0249761"
"MtrunA17Chr7g0250071"	"MtrunA17Chr7g0250071"
"MtrunA17Chr7g0250121"	"MtrunA17Chr7g0250121"
"MtrunA17Chr7g0250811"	"MtrunA17Chr7g0250811"
"MtrunA17Chr7g0250881"	"MtrunA17Chr7g0250881"
"MtrunA17Chr7g0251271"	"MtrunA17Chr7g0251271"
"MtrunA17Chr7g0251371"	"MtrunA17Chr7g0251371"
"MtrunA17Chr7g0251791"	"MtrunA17Chr7g0251791"
"MtrunA17Chr7g0252251"	"MtrunA17Chr7g0252251"
"MtrunA17Chr7g0252291"	"MtrunA17Chr7g0252291"
"MtrunA17Chr7g0252301"	"MtrunA17Chr7g0252301"
"MtrunA17Chr7g0252331"	"MtrunA17Chr7g0252331"
"MtrunA17Chr7g0252391"	"MtrunA17Chr7g0252391"
"MtrunA17Chr7g0252521"	"MtrunA17Chr7g0252521"
"MtrunA17Chr7g0252531"	"MtrunA17Chr7g0252531"
"MtrunA17Chr7g0252641"	"MtrunA17Chr7g0252641"
"MtrunA17Chr7g0252661"	"MtrunA17Chr7g0252661"
"MtrunA17Chr7g0253211"	"MtrunA17Chr7g0253211"
"MtrunA17Chr7g0253311"	"MtrunA17Chr7g0253311"
"MtrunA17Chr7g0253331"	"MtrunA17Chr7g0253331"
"MtrunA17Chr7g0253411"	"MtrunA17Chr7g0253411"
"MtrunA17Chr7g0253781"	"MtrunA17Chr7g0253781"
"MtrunA17Chr7g0253861"	"MtrunA17Chr7g0253861"
"MtrunA17Chr7g0254091"	"MtrunA17Chr7g0254091"
"MtrunA17Chr7g0254371"	"MtrunA17Chr7g0254371"
"MtrunA17Chr7g0254541"	"MtrunA17Chr7g0254541"
"MtrunA17Chr7g0254601"	"MtrunA17Chr7g0254601"
"MtrunA17Chr7g0254631"	"MtrunA17Chr7g0254631"
"MtrunA17Chr7g0254701"	"MtrunA17Chr7g0254701"
"MtrunA17Chr7g0255141"	"MtrunA17Chr7g0255141"
"MtrunA17Chr7g0255351"	"MtrunA17Chr7g0255351"
"MtrunA17Chr7g0255441"	"MtrunA17Chr7g0255441"
"MtrunA17Chr7g0255611"	"MtrunA17Chr7g0255611"
"MtrunA17Chr7g0255791"	"MtrunA17Chr7g0255791"
"MtrunA17Chr7g0255971"	"MtrunA17Chr7g0255971"
"MtrunA17Chr7g0256191"	"MtrunA17Chr7g0256191"
"MtrunA17Chr7g0256731"	"MtrunA17Chr7g0256731"
"MtrunA17Chr7g0256861"	"MtrunA17Chr7g0256861"
"MtrunA17Chr7g0257111"	"MtrunA17Chr7g0257111"
"MtrunA17Chr7g0257341"	"MtrunA17Chr7g0257341"
"MtrunA17Chr7g0257361"	"MtrunA17Chr7g0257361"
"MtrunA17Chr7g0257861"	"MtrunA17Chr7g0257861"
"MtrunA17Chr7g0257871"	"MtrunA17Chr7g0257871"
"MtrunA17Chr7g0257921"	"MtrunA17Chr7g0257921"
"MtrunA17Chr7g0257991"	"MtrunA17Chr7g0257991"
"MtrunA17Chr7g0258001"	"MtrunA17Chr7g0258001"
"MtrunA17Chr7g0258061"	"MtrunA17Chr7g0258061"
"MtrunA17Chr7g0258341"	"MtrunA17Chr7g0258341"
"MtrunA17Chr7g0258521"	"MtrunA17Chr7g0258521"
"MtrunA17Chr7g0258721"	"MtrunA17Chr7g0258721"
"MtrunA17Chr7g0259611"	"MtrunA17Chr7g0259611"
"MtrunA17Chr7g0259621"	"MtrunA17Chr7g0259621"
"MtrunA17Chr7g0259951"	"MtrunA17Chr7g0259951"
"MtrunA17Chr7g0260071"	"MtrunA17Chr7g0260071"
"MtrunA17Chr7g0260331"	"MtrunA17Chr7g0260331"
"MtrunA17Chr7g0260951"	"MtrunA17Chr7g0260951"
"MtrunA17Chr7g0261251"	"MtrunA17Chr7g0261251"
"MtrunA17Chr7g0261391"	"MtrunA17Chr7g0261391"
"MtrunA17Chr7g0261511"	"MtrunA17Chr7g0261511"
"MtrunA17Chr7g0261551"	"MtrunA17Chr7g0261551"
"MtrunA17Chr7g0261611"	"MtrunA17Chr7g0261611"
"MtrunA17Chr7g0262191"	"MtrunA17Chr7g0262191"
"MtrunA17Chr7g0262501"	"MtrunA17Chr7g0262501"
"MtrunA17Chr7g0262551"	"MtrunA17Chr7g0262551"
"MtrunA17Chr7g0262571"	"MtrunA17Chr7g0262571"
"MtrunA17Chr7g0262691"	"MtrunA17Chr7g0262691"
"MtrunA17Chr7g0262961"	"MtrunA17Chr7g0262961"
"MtrunA17Chr7g0263221"	"MtrunA17Chr7g0263221"
"MtrunA17Chr7g0263321"	"MtrunA17Chr7g0263321"
"MtrunA17Chr7g0263361"	"MtrunA17Chr7g0263361"
"MtrunA17Chr7g0263551"	"MtrunA17Chr7g0263551"
"MtrunA17Chr7g0263931"	"MtrunA17Chr7g0263931"
"MtrunA17Chr7g0264611"	"MtrunA17Chr7g0264611"
"MtrunA17Chr7g0264891"	"MtrunA17Chr7g0264891"
"MtrunA17Chr7g0264961"	"MtrunA17Chr7g0264961"
"MtrunA17Chr7g0265001"	"MtrunA17Chr7g0265001"
"MtrunA17Chr7g0265321"	"MtrunA17Chr7g0265321"
"MtrunA17Chr7g0265611"	"MtrunA17Chr7g0265611"
"MtrunA17Chr7g0265731"	"MtrunA17Chr7g0265731"
"MtrunA17Chr7g0265921"	"MtrunA17Chr7g0265921"
"MtrunA17Chr7g0266721"	"MtrunA17Chr7g0266721"
"MtrunA17Chr7g0267441"	"MtrunA17Chr7g0267441"
"MtrunA17Chr7g0267561"	"MtrunA17Chr7g0267561"
"MtrunA17Chr7g0268381"	"MtrunA17Chr7g0268381"
"MtrunA17Chr7g0268601"	"MtrunA17Chr7g0268601"
"MtrunA17Chr7g0268611"	"MtrunA17Chr7g0268611"
"MtrunA17Chr7g0268821"	"MtrunA17Chr7g0268821"
"MtrunA17Chr7g0269001"	"MtrunA17Chr7g0269001"
"MtrunA17Chr7g0269311"	"MtrunA17Chr7g0269311"
"MtrunA17Chr7g0269371"	"MtrunA17Chr7g0269371"
"MtrunA17Chr7g0269541"	"MtrunA17Chr7g0269541"
"MtrunA17Chr7g0269741"	"MtrunA17Chr7g0269741"
"MtrunA17Chr7g0269781"	"MtrunA17Chr7g0269781"
"MtrunA17Chr7g0269931"	"MtrunA17Chr7g0269931"
"MtrunA17Chr7g0269941"	"MtrunA17Chr7g0269941"
"MtrunA17Chr7g0270141"	"MtrunA17Chr7g0270141"
"MtrunA17Chr7g0270341"	"MtrunA17Chr7g0270341"
"MtrunA17Chr7g0270511"	"MtrunA17Chr7g0270511"
"MtrunA17Chr7g0270531"	"MtrunA17Chr7g0270531"
"MtrunA17Chr7g0270621"	"MtrunA17Chr7g0270621"
"MtrunA17Chr7g0270701"	"MtrunA17Chr7g0270701"
"MtrunA17Chr7g0271051"	"MtrunA17Chr7g0271051"
"MtrunA17Chr7g0271441"	"MtrunA17Chr7g0271441"
"MtrunA17Chr7g0271451"	"MtrunA17Chr7g0271451"
"MtrunA17Chr7g0271601"	"MtrunA17Chr7g0271601"
"MtrunA17Chr7g0271741"	"MtrunA17Chr7g0271741"
"MtrunA17Chr7g0271811"	"MtrunA17Chr7g0271811"
"MtrunA17Chr7g0272141"	"MtrunA17Chr7g0272141"
"MtrunA17Chr7g0272241"	"MtrunA17Chr7g0272241"
"MtrunA17Chr7g0272371"	"MtrunA17Chr7g0272371"
"MtrunA17Chr7g0272571"	"MtrunA17Chr7g0272571"
"MtrunA17Chr7g0272591"	"MtrunA17Chr7g0272591"
"MtrunA17Chr7g0272621"	"MtrunA17Chr7g0272621"
"MtrunA17Chr7g0272631"	"MtrunA17Chr7g0272631"
"MtrunA17Chr7g0272751"	"MtrunA17Chr7g0272751"
"MtrunA17Chr7g0272791"	"MtrunA17Chr7g0272791"
"MtrunA17Chr7g0272831"	"MtrunA17Chr7g0272831"
"MtrunA17Chr7g0272881"	"MtrunA17Chr7g0272881"
"MtrunA17Chr7g0272891"	"MtrunA17Chr7g0272891"
"MtrunA17Chr7g0273101"	"MtrunA17Chr7g0273101"
"MtrunA17Chr7g0273231"	"MtrunA17Chr7g0273231"
"MtrunA17Chr7g0273361"	"MtrunA17Chr7g0273361"
"MtrunA17Chr7g0273661"	"MtrunA17Chr7g0273661"
"MtrunA17Chr7g0274131"	"MtrunA17Chr7g0274131"
"MtrunA17Chr7g0274521"	"MtrunA17Chr7g0274521"
"MtrunA17Chr7g0274621"	"MtrunA17Chr7g0274621"
"MtrunA17Chr7g0274641"	"MtrunA17Chr7g0274641"
"MtrunA17Chr7g0274801"	"MtrunA17Chr7g0274801"
"MtrunA17Chr7g0275341"	"MtrunA17Chr7g0275341"
"MtrunA17Chr7g0275691"	"MtrunA17Chr7g0275691"
"MtrunA17Chr7g0276551"	"MtrunA17Chr7g0276551"
"MtrunA17Chr7g0276601"	"MtrunA17Chr7g0276601"
"MtrunA17Chr8g0334581"	"MtrunA17Chr8g0334581"
"MtrunA17Chr8g0334691"	"MtrunA17Chr8g0334691"
"MtrunA17Chr8g0334811"	"MtrunA17Chr8g0334811"
"MtrunA17Chr8g0334821"	"MtrunA17Chr8g0334821"
"MtrunA17Chr8g0335211"	"MtrunA17Chr8g0335211"
"MtrunA17Chr8g0335231"	"MtrunA17Chr8g0335231"
"MtrunA17Chr8g0335841"	"MtrunA17Chr8g0335841"
"MtrunA17Chr8g0336961"	"MtrunA17Chr8g0336961"
"MtrunA17Chr8g0337031"	"MtrunA17Chr8g0337031"
"MtrunA17Chr8g0337051"	"MtrunA17Chr8g0337051"
"MtrunA17Chr8g0337971"	"MtrunA17Chr8g0337971"
"MtrunA17Chr8g0338461"	"MtrunA17Chr8g0338461"
"MtrunA17Chr8g0338541"	"MtrunA17Chr8g0338541"
"MtrunA17Chr8g0338551"	"MtrunA17Chr8g0338551"
"MtrunA17Chr8g0339041"	"MtrunA17Chr8g0339041"
"MtrunA17Chr8g0339851"	"MtrunA17Chr8g0339851"
"MtrunA17Chr8g0339961"	"MtrunA17Chr8g0339961"
"MtrunA17Chr8g0340351"	"MtrunA17Chr8g0340351"
"MtrunA17Chr8g0340841"	"MtrunA17Chr8g0340841"
"MtrunA17Chr8g0340991"	"MtrunA17Chr8g0340991"
"MtrunA17Chr8g0341281"	"MtrunA17Chr8g0341281"
"MtrunA17Chr8g0341601"	"MtrunA17Chr8g0341601"
"MtrunA17Chr8g0342341"	"MtrunA17Chr8g0342341"
"MtrunA17Chr8g0343441"	"MtrunA17Chr8g0343441"
"MtrunA17Chr8g0344511"	"MtrunA17Chr8g0344511"
"MtrunA17Chr8g0344521"	"MtrunA17Chr8g0344521"
"MtrunA17Chr8g0346451"	"MtrunA17Chr8g0346451"
"MtrunA17Chr8g0346501"	"MtrunA17Chr8g0346501"
"MtrunA17Chr8g0346571"	"MtrunA17Chr8g0346571"
"MtrunA17Chr8g0346581"	"MtrunA17Chr8g0346581"
"MtrunA17Chr8g0346601"	"MtrunA17Chr8g0346601"
"MtrunA17Chr8g0346971"	"MtrunA17Chr8g0346971"
"MtrunA17Chr8g0347231"	"MtrunA17Chr8g0347231"
"MtrunA17Chr8g0347451"	"MtrunA17Chr8g0347451"
"MtrunA17Chr8g0347791"	"MtrunA17Chr8g0347791"
"MtrunA17Chr8g0347861"	"MtrunA17Chr8g0347861"
"MtrunA17Chr8g0348321"	"MtrunA17Chr8g0348321"
"MtrunA17Chr8g0348491"	"MtrunA17Chr8g0348491"
"MtrunA17Chr8g0348751"	"MtrunA17Chr8g0348751"
"MtrunA17Chr8g0348781"	"MtrunA17Chr8g0348781"
"MtrunA17Chr8g0348951"	"MtrunA17Chr8g0348951"
"MtrunA17Chr8g0349381"	"MtrunA17Chr8g0349381"
"MtrunA17Chr8g0350161"	"MtrunA17Chr8g0350161"
"MtrunA17Chr8g0350381"	"MtrunA17Chr8g0350381"
"MtrunA17Chr8g0350391"	"MtrunA17Chr8g0350391"
"MtrunA17Chr8g0350751"	"MtrunA17Chr8g0350751"
"MtrunA17Chr8g0350821"	"MtrunA17Chr8g0350821"
"MtrunA17Chr8g0350951"	"MtrunA17Chr8g0350951"
"MtrunA17Chr8g0351071"	"MtrunA17Chr8g0351071"
"MtrunA17Chr8g0351231"	"MtrunA17Chr8g0351231"
"MtrunA17Chr8g0351241"	"MtrunA17Chr8g0351241"
"MtrunA17Chr8g0351541"	"MtrunA17Chr8g0351541"
"MtrunA17Chr8g0351801"	"MtrunA17Chr8g0351801"
"MtrunA17Chr8g0352721"	"MtrunA17Chr8g0352721"
"MtrunA17Chr8g0353131"	"MtrunA17Chr8g0353131"
"MtrunA17Chr8g0353191"	"MtrunA17Chr8g0353191"
"MtrunA17Chr8g0353481"	"MtrunA17Chr8g0353481"
"MtrunA17Chr8g0356191"	"MtrunA17Chr8g0356191"
"MtrunA17Chr8g0356391"	"MtrunA17Chr8g0356391"
"MtrunA17Chr8g0356441"	"MtrunA17Chr8g0356441"
"MtrunA17Chr8g0357001"	"MtrunA17Chr8g0357001"
"MtrunA17Chr8g0357261"	"MtrunA17Chr8g0357261"
"MtrunA17Chr8g0357301"	"MtrunA17Chr8g0357301"
"MtrunA17Chr8g0357481"	"MtrunA17Chr8g0357481"
"MtrunA17Chr8g0358171"	"MtrunA17Chr8g0358171"
"MtrunA17Chr8g0358201"	"MtrunA17Chr8g0358201"
"MtrunA17Chr8g0358881"	"MtrunA17Chr8g0358881"
"MtrunA17Chr8g0359041"	"MtrunA17Chr8g0359041"
"MtrunA17Chr8g0359081"	"MtrunA17Chr8g0359081"
"MtrunA17Chr8g0359371"	"MtrunA17Chr8g0359371"
"MtrunA17Chr8g0359941"	"MtrunA17Chr8g0359941"
"MtrunA17Chr8g0360001"	"MtrunA17Chr8g0360001"
"MtrunA17Chr8g0360011"	"MtrunA17Chr8g0360011"
"MtrunA17Chr8g0360231"	"MtrunA17Chr8g0360231"
"MtrunA17Chr8g0360241"	"MtrunA17Chr8g0360241"
"MtrunA17Chr8g0360371"	"MtrunA17Chr8g0360371"
"MtrunA17Chr8g0360481"	"MtrunA17Chr8g0360481"
"MtrunA17Chr8g0360501"	"MtrunA17Chr8g0360501"
"MtrunA17Chr8g0360531"	"MtrunA17Chr8g0360531"
"MtrunA17Chr8g0360611"	"MtrunA17Chr8g0360611"
"MtrunA17Chr8g0360801"	"MtrunA17Chr8g0360801"
"MtrunA17Chr8g0360911"	"MtrunA17Chr8g0360911"
"MtrunA17Chr8g0361441"	"MtrunA17Chr8g0361441"
"MtrunA17Chr8g0362661"	"MtrunA17Chr8g0362661"
"MtrunA17Chr8g0364251"	"MtrunA17Chr8g0364251"
"MtrunA17Chr8g0364581"	"MtrunA17Chr8g0364581"
"MtrunA17Chr8g0364901"	"MtrunA17Chr8g0364901"
"MtrunA17Chr8g0365221"	"MtrunA17Chr8g0365221"
"MtrunA17Chr8g0365351"	"MtrunA17Chr8g0365351"
"MtrunA17Chr8g0365951"	"MtrunA17Chr8g0365951"
"MtrunA17Chr8g0366111"	"MtrunA17Chr8g0366111"
"MtrunA17Chr8g0366151"	"MtrunA17Chr8g0366151"
"MtrunA17Chr8g0366261"	"MtrunA17Chr8g0366261"
"MtrunA17Chr8g0366401"	"MtrunA17Chr8g0366401"
"MtrunA17Chr8g0366581"	"MtrunA17Chr8g0366581"
"MtrunA17Chr8g0366751"	"MtrunA17Chr8g0366751"
"MtrunA17Chr8g0367211"	"MtrunA17Chr8g0367211"
"MtrunA17Chr8g0367511"	"MtrunA17Chr8g0367511"
"MtrunA17Chr8g0367581"	"MtrunA17Chr8g0367581"
"MtrunA17Chr8g0367591"	"MtrunA17Chr8g0367591"
"MtrunA17Chr8g0367951"	"MtrunA17Chr8g0367951"
"MtrunA17Chr8g0368141"	"MtrunA17Chr8g0368141"
"MtrunA17Chr8g0368151"	"MtrunA17Chr8g0368151"
"MtrunA17Chr8g0368391"	"MtrunA17Chr8g0368391"
"MtrunA17Chr8g0368671"	"MtrunA17Chr8g0368671"
"MtrunA17Chr8g0368681"	"MtrunA17Chr8g0368681"
"MtrunA17Chr8g0369051"	"MtrunA17Chr8g0369051"
"MtrunA17Chr8g0369071"	"MtrunA17Chr8g0369071"
"MtrunA17Chr8g0369101"	"MtrunA17Chr8g0369101"
"MtrunA17Chr8g0369171"	"MtrunA17Chr8g0369171"
"MtrunA17Chr8g0369291"	"MtrunA17Chr8g0369291"
"MtrunA17Chr8g0369371"	"MtrunA17Chr8g0369371"
"MtrunA17Chr8g0369391"	"MtrunA17Chr8g0369391"
"MtrunA17Chr8g0369411"	"MtrunA17Chr8g0369411"
"MtrunA17Chr8g0369431"	"MtrunA17Chr8g0369431"
"MtrunA17Chr8g0369501"	"MtrunA17Chr8g0369501"
"MtrunA17Chr8g0369551"	"MtrunA17Chr8g0369551"
"MtrunA17Chr8g0369601"	"MtrunA17Chr8g0369601"
"MtrunA17Chr8g0369641"	"MtrunA17Chr8g0369641"
"MtrunA17Chr8g0369651"	"MtrunA17Chr8g0369651"
"MtrunA17Chr8g0371121"	"MtrunA17Chr8g0371121"
"MtrunA17Chr8g0371131"	"MtrunA17Chr8g0371131"
"MtrunA17Chr8g0371191"	"MtrunA17Chr8g0371191"
"MtrunA17Chr8g0371451"	"MtrunA17Chr8g0371451"
"MtrunA17Chr8g0371511"	"MtrunA17Chr8g0371511"
"MtrunA17Chr8g0371751"	"MtrunA17Chr8g0371751"
"MtrunA17Chr8g0371911"	"MtrunA17Chr8g0371911"
"MtrunA17Chr8g0372071"	"MtrunA17Chr8g0372071"
"MtrunA17Chr8g0372411"	"MtrunA17Chr8g0372411"
"MtrunA17Chr8g0372481"	"MtrunA17Chr8g0372481"
"MtrunA17Chr8g0372631"	"MtrunA17Chr8g0372631"
"MtrunA17Chr8g0372721"	"MtrunA17Chr8g0372721"
"MtrunA17Chr8g0372991"	"MtrunA17Chr8g0372991"
"MtrunA17Chr8g0373021"	"MtrunA17Chr8g0373021"
"MtrunA17Chr8g0373661"	"MtrunA17Chr8g0373661"
"MtrunA17Chr8g0374081"	"MtrunA17Chr8g0374081"
"MtrunA17Chr8g0374121"	"MtrunA17Chr8g0374121"
"MtrunA17Chr8g0374151"	"MtrunA17Chr8g0374151"
"MtrunA17Chr8g0374261"	"MtrunA17Chr8g0374261"
"MtrunA17Chr8g0374271"	"MtrunA17Chr8g0374271"
"MtrunA17Chr8g0374611"	"MtrunA17Chr8g0374611"
"MtrunA17Chr8g0374661"	"MtrunA17Chr8g0374661"
"MtrunA17Chr8g0374991"	"MtrunA17Chr8g0374991"
"MtrunA17Chr8g0375081"	"MtrunA17Chr8g0375081"
"MtrunA17Chr8g0375271"	"MtrunA17Chr8g0375271"
"MtrunA17Chr8g0375411"	"MtrunA17Chr8g0375411"
"MtrunA17Chr8g0375701"	"MtrunA17Chr8g0375701"
"MtrunA17Chr8g0376061"	"MtrunA17Chr8g0376061"
"MtrunA17Chr8g0376431"	"MtrunA17Chr8g0376431"
"MtrunA17Chr8g0377111"	"MtrunA17Chr8g0377111"
"MtrunA17Chr8g0377841"	"MtrunA17Chr8g0377841"
"MtrunA17Chr8g0378431"	"MtrunA17Chr8g0378431"
"MtrunA17Chr8g0378561"	"MtrunA17Chr8g0378561"
"MtrunA17Chr8g0378571"	"MtrunA17Chr8g0378571"
"MtrunA17Chr8g0378921"	"MtrunA17Chr8g0378921"
"MtrunA17Chr8g0379581"	"MtrunA17Chr8g0379581"
"MtrunA17Chr8g0380011"	"MtrunA17Chr8g0380011"
"MtrunA17Chr8g0380251"	"MtrunA17Chr8g0380251"
"MtrunA17Chr8g0380261"	"MtrunA17Chr8g0380261"
"MtrunA17Chr8g0380441"	"MtrunA17Chr8g0380441"
"MtrunA17Chr8g0380551"	"MtrunA17Chr8g0380551"
"MtrunA17Chr8g0381091"	"MtrunA17Chr8g0381091"
"MtrunA17Chr8g0381261"	"MtrunA17Chr8g0381261"
"MtrunA17Chr8g0381311"	"MtrunA17Chr8g0381311"
"MtrunA17Chr8g0381601"	"MtrunA17Chr8g0381601"
"MtrunA17Chr8g0381821"	"MtrunA17Chr8g0381821"
"MtrunA17Chr8g0381911"	"MtrunA17Chr8g0381911"
"MtrunA17Chr8g0382101"	"MtrunA17Chr8g0382101"
"MtrunA17Chr8g0382201"	"MtrunA17Chr8g0382201"
"MtrunA17Chr8g0382251"	"MtrunA17Chr8g0382251"
"MtrunA17Chr8g0382311"	"MtrunA17Chr8g0382311"
"MtrunA17Chr8g0383231"	"MtrunA17Chr8g0383231"
"MtrunA17Chr8g0383321"	"MtrunA17Chr8g0383321"
"MtrunA17Chr8g0383741"	"MtrunA17Chr8g0383741"
"MtrunA17Chr8g0383951"	"MtrunA17Chr8g0383951"
"MtrunA17Chr8g0383991"	"MtrunA17Chr8g0383991"
"MtrunA17Chr8g0384361"	"MtrunA17Chr8g0384361"
"MtrunA17Chr8g0384691"	"MtrunA17Chr8g0384691"
"MtrunA17Chr8g0384721"	"MtrunA17Chr8g0384721"
"MtrunA17Chr8g0384841"	"MtrunA17Chr8g0384841"
"MtrunA17Chr8g0384961"	"MtrunA17Chr8g0384961"
"MtrunA17Chr8g0385341"	"MtrunA17Chr8g0385341"
"MtrunA17Chr8g0385571"	"MtrunA17Chr8g0385571"
"MtrunA17Chr8g0385771"	"MtrunA17Chr8g0385771"
"MtrunA17Chr8g0385781"	"MtrunA17Chr8g0385781"
"MtrunA17Chr8g0386161"	"MtrunA17Chr8g0386161"
"MtrunA17Chr8g0386211"	"MtrunA17Chr8g0386211"
"MtrunA17Chr8g0386291"	"MtrunA17Chr8g0386291"
"MtrunA17Chr8g0386781"	"MtrunA17Chr8g0386781"
"MtrunA17Chr8g0386961"	"MtrunA17Chr8g0386961"
"MtrunA17Chr8g0386971"	"MtrunA17Chr8g0386971"
"MtrunA17Chr8g0387041"	"MtrunA17Chr8g0387041"
"MtrunA17Chr8g0387201"	"MtrunA17Chr8g0387201"
"MtrunA17Chr8g0387261"	"MtrunA17Chr8g0387261"
"MtrunA17Chr8g0387281"	"MtrunA17Chr8g0387281"
"MtrunA17Chr8g0387461"	"MtrunA17Chr8g0387461"
"MtrunA17Chr8g0387591"	"MtrunA17Chr8g0387591"
"MtrunA17Chr8g0387771"	"MtrunA17Chr8g0387771"
"MtrunA17Chr8g0388021"	"MtrunA17Chr8g0388021"
"MtrunA17Chr8g0388251"	"MtrunA17Chr8g0388251"
"MtrunA17Chr8g0388261"	"MtrunA17Chr8g0388261"
"MtrunA17Chr8g0388371"	"MtrunA17Chr8g0388371"
"MtrunA17Chr8g0388631"	"MtrunA17Chr8g0388631"
"MtrunA17Chr8g0388661"	"MtrunA17Chr8g0388661"
"MtrunA17Chr8g0388681"	"MtrunA17Chr8g0388681"
"MtrunA17Chr8g0389001"	"MtrunA17Chr8g0389001"
"MtrunA17Chr8g0389041"	"MtrunA17Chr8g0389041"
"MtrunA17Chr8g0389131"	"MtrunA17Chr8g0389131"
"MtrunA17Chr8g0389221"	"MtrunA17Chr8g0389221"
"MtrunA17Chr8g0389231"	"MtrunA17Chr8g0389231"
"MtrunA17Chr8g0389271"	"MtrunA17Chr8g0389271"
"MtrunA17Chr8g0389911"	"MtrunA17Chr8g0389911"
"MtrunA17Chr8g0389961"	"MtrunA17Chr8g0389961"
"MtrunA17Chr8g0390031"	"MtrunA17Chr8g0390031"
"MtrunA17Chr8g0390121"	"MtrunA17Chr8g0390121"
"MtrunA17Chr8g0390211"	"MtrunA17Chr8g0390211"
"MtrunA17Chr8g0390251"	"MtrunA17Chr8g0390251"
"MtrunA17Chr8g0390271"	"MtrunA17Chr8g0390271"
"MtrunA17Chr8g0390281"	"MtrunA17Chr8g0390281"
"MtrunA17Chr8g0390631"	"MtrunA17Chr8g0390631"
"MtrunA17Chr8g0390691"	"MtrunA17Chr8g0390691"
"MtrunA17Chr8g0391141"	"MtrunA17Chr8g0391141"
"MtrunA17Chr8g0391161"	"MtrunA17Chr8g0391161"
"MtrunA17Chr8g0391441"	"MtrunA17Chr8g0391441"
"MtrunA17Chr8g0391951"	"MtrunA17Chr8g0391951"
"MtrunA17Chr8g0392551"	"MtrunA17Chr8g0392551"
"MtrunA17Chr8g0392701"	"MtrunA17Chr8g0392701"
"MtrunA17Chr8g0392761"	"MtrunA17Chr8g0392761"
"MtrunA17Chr8g0392771"	"MtrunA17Chr8g0392771"
"MtrunA17Chr8g0393001"	"MtrunA17Chr8g0393001"
"MtrunA17Chr8g0393021"	"MtrunA17Chr8g0393021"
"MtrunA17Chr8g0393121"	"MtrunA17Chr8g0393121"
"MtrunA17Chr8g0393241"	"MtrunA17Chr8g0393241"
"MtrunA17Chr8g0393301"	"MtrunA17Chr8g0393301"
"MtrunA17Chr8g0393311"	"MtrunA17Chr8g0393311"
"MtrunA17MTg0490671"	"MtrunA17MTg0490671"
"MtrunA17MTg0490681"	"MtrunA17MTg0490681"
"MtrunA17MTg0490701"	"MtrunA17MTg0490701"
"MtrunA17MTg0491031"	"MtrunA17MTg0491031"
"MtrunA17Chr1g0148021"	"MtrunA17Chr1g0148021"
"MtrunA17Chr1g0166271"	"MtrunA17Chr1g0166271"
"MtrunA17Chr1g0173891"	"MtrunA17Chr1g0173891"
"MtrunA17Chr1g0173941"	"MtrunA17Chr1g0173941"
"MtrunA17Chr1g0175011"	"MtrunA17Chr1g0175011"
"MtrunA17Chr1g0193671"	"MtrunA17Chr1g0193671"
"MtrunA17Chr1g0206681"	"MtrunA17Chr1g0206681"
"MtrunA17Chr2g0280491"	"MtrunA17Chr2g0280491"
"MtrunA17Chr2g0303731"	"MtrunA17Chr2g0303731"
"MtrunA17Chr2g0331521"	"MtrunA17Chr2g0331521"
"MtrunA17Chr2g0331721"	"MtrunA17Chr2g0331721"
"MtrunA17Chr2g0333431"	"MtrunA17Chr2g0333431"
"MtrunA17Chr3g0084121"	"MtrunA17Chr3g0084121"
"MtrunA17Chr3g0100281"	"MtrunA17Chr3g0100281"
"MtrunA17Chr3g0102451"	"MtrunA17Chr3g0102451"
"MtrunA17Chr3g0103371"	"MtrunA17Chr3g0103371"
"MtrunA17Chr3g0137471"	"MtrunA17Chr3g0137471"
"MtrunA17Chr3g0141181"	"MtrunA17Chr3g0141181"
"MtrunA17Chr3g0141791"	"MtrunA17Chr3g0141791"
"MtrunA17Chr3g0144001"	"MtrunA17Chr3g0144001"
"MtrunA17Chr3g0144711"	"MtrunA17Chr3g0144711"
"MtrunA17Chr3g0145261"	"MtrunA17Chr3g0145261"
"MtrunA17Chr4g0003641"	"MtrunA17Chr4g0003641"
"MtrunA17Chr4g0004451"	"MtrunA17Chr4g0004451"
"MtrunA17Chr4g0022511"	"MtrunA17Chr4g0022511"
"MtrunA17Chr4g0042581"	"MtrunA17Chr4g0042581"
"MtrunA17Chr4g0043871"	"MtrunA17Chr4g0043871"
"MtrunA17Chr4g0050351"	"MtrunA17Chr4g0050351"
"MtrunA17Chr4g0063331"	"MtrunA17Chr4g0063331"
"MtrunA17Chr4g0064371"	"MtrunA17Chr4g0064371"
"MtrunA17Chr4g0070161"	"MtrunA17Chr4g0070161"
"MtrunA17Chr4g0074441"	"MtrunA17Chr4g0074441"
"MtrunA17Chr5g0394121"	"MtrunA17Chr5g0394121"
"MtrunA17Chr5g0395871"	"MtrunA17Chr5g0395871"
"MtrunA17Chr5g0396901"	"MtrunA17Chr5g0396901"
"MtrunA17Chr5g0397281"	"MtrunA17Chr5g0397281"
"MtrunA17Chr5g0397841"	"MtrunA17Chr5g0397841"
"MtrunA17Chr5g0400551"	"MtrunA17Chr5g0400551"
"MtrunA17Chr5g0404361"	"MtrunA17Chr5g0404361"
"MtrunA17Chr5g0408911"	"MtrunA17Chr5g0408911"
"MtrunA17Chr5g0417771"	"MtrunA17Chr5g0417771"
"MtrunA17Chr5g0424221"	"MtrunA17Chr5g0424221"
"MtrunA17Chr5g0426241"	"MtrunA17Chr5g0426241"
"MtrunA17Chr5g0440311"	"MtrunA17Chr5g0440311"
"MtrunA17Chr5g0444651"	"MtrunA17Chr5g0444651"
"MtrunA17Chr6g0456541"	"MtrunA17Chr6g0456541"
"MtrunA17Chr6g0475641"	"MtrunA17Chr6g0475641"
"MtrunA17Chr6g0486041"	"MtrunA17Chr6g0486041"
"MtrunA17Chr7g0228181"	"MtrunA17Chr7g0228181"
"MtrunA17Chr7g0230891"	"MtrunA17Chr7g0230891"
"MtrunA17Chr7g0234311"	"MtrunA17Chr7g0234311"
"MtrunA17Chr7g0258221"	"MtrunA17Chr7g0258221"
"MtrunA17Chr7g0258591"	"MtrunA17Chr7g0258591"
"MtrunA17Chr7g0270281"	"MtrunA17Chr7g0270281"
"MtrunA17Chr8g0337611"	"MtrunA17Chr8g0337611"
"MtrunA17Chr8g0339951"	"MtrunA17Chr8g0339951"
"MtrunA17Chr8g0344651"	"MtrunA17Chr8g0344651"
"MtrunA17Chr8g0348171"	"MtrunA17Chr8g0348171"
"MtrunA17Chr8g0352081"	"MtrunA17Chr8g0352081"
"MtrunA17Chr8g0365741"	"MtrunA17Chr8g0365741"
"MtrunA17Chr8g0371781"	"MtrunA17Chr8g0371781"
"MtrunA17Chr8g0377521"	"MtrunA17Chr8g0377521"
"MtrunA17Chr8g0385081"	"MtrunA17Chr8g0385081"
"MtrunA17Chr8g0385511"	"MtrunA17Chr8g0385511"
"MtrunA17Chr1g0160231"	"MtrunA17Chr1g0160231"
"MtrunA17Chr1g0185741"	"MtrunA17Chr1g0185741"
"MtrunA17Chr4g0041871"	"MtrunA17Chr4g0041871"
"MtrunA17Chr4g0047351"	"MtrunA17Chr4g0047351"
"MtrunA17Chr6g0452331"	"MtrunA17Chr6g0452331"
"MtrunA17Chr7g0242521"	"MtrunA17Chr7g0242521"
"MtrunA17Chr7g0245851"	"MtrunA17Chr7g0245851"
"MtrunA17Chr8g0339281"	"MtrunA17Chr8g0339281"
"MtrunA17Chr8g0344121"	"MtrunA17Chr8g0344121"
"MtrunA17Chr8g0354001"	"MtrunA17Chr8g0354001"
"MtrunA17Chr8g0384821"	"MtrunA17Chr8g0384821"
"MtrunA17Chr3g0107521"	"MtrunA17Chr3g0107521"
"MtrunA17Chr4g0030011"	"MtrunA17Chr4g0030011"
"MtrunA17Chr4g0063691"	"MtrunA17Chr4g0063691"
"MtrunA17Chr7g0218331"	"MtrunA17Chr7g0218331"
"MtrunA17Chr8g0367521"	"MtrunA17Chr8g0367521"
"MtrunA17Chr1g0180651"	"MtrunA17Chr1g0180651"
"MtrunA17Chr3g0141271"	"MtrunA17Chr3g0141271"
"MtrunA17Chr5g0436661"	"MtrunA17Chr5g0436661"
"MtrunA17Chr6g0460331"	"MtrunA17Chr6g0460331"
"MtrunA17Chr1g0148031"	"MtrunA17Chr1g0148031"
"MtrunA17Chr1g0179191"	"MtrunA17Chr1g0179191"
"MtrunA17Chr1g0192001"	"MtrunA17Chr1g0192001"
"MtrunA17Chr1g0202781"	"MtrunA17Chr1g0202781"
"MtrunA17Chr2g0278471"	"MtrunA17Chr2g0278471"
"MtrunA17Chr4g0041281"	"MtrunA17Chr4g0041281"
"MtrunA17Chr4g0071371"	"MtrunA17Chr4g0071371"
"MtrunA17Chr5g0394551"	"MtrunA17Chr5g0394551"
"MtrunA17Chr6g0461181"	"MtrunA17Chr6g0461181"
"MtrunA17Chr6g0481091"	"MtrunA17Chr6g0481091"
"MtrunA17Chr8g0378181"	"MtrunA17Chr8g0378181"
"MtrunA17Chr1g0209691"	"MtrunA17Chr1g0209691"
"MtrunA17Chr2g0294421"	"MtrunA17Chr2g0294421"
"MtrunA17Chr3g0123411"	"MtrunA17Chr3g0123411"
"MtrunA17Chr3g0129851"	"MtrunA17Chr3g0129851"
"MtrunA17Chr3g0137821"	"MtrunA17Chr3g0137821"
"MtrunA17Chr4g0046021"	"MtrunA17Chr4g0046021"
"MtrunA17Chr4g0050861"	"MtrunA17Chr4g0050861"
"MtrunA17Chr6g0449891"	"MtrunA17Chr6g0449891"
"MtrunA17Chr7g0240371"	"MtrunA17Chr7g0240371"
"MtrunA17Chr8g0339051"	"MtrunA17Chr8g0339051"
"MtrunA17Chr4g0048991"	"MtrunA17Chr4g0048991"
"MtrunA17Chr7g0228251"	"MtrunA17Chr7g0228251"
"MtrunA17Chr7g0230141"	"MtrunA17Chr7g0230141"
"MtrunA17Chr7g0230411"	"MtrunA17Chr7g0230411"
"MtrunA17Chr8g0372471"	"MtrunA17Chr8g0372471"
"MtrunA17Chr3g0118601"	"MtrunA17Chr3g0118601"
"MtrunA17Chr6g0481571"	"MtrunA17Chr6g0481571"
"MtrunA17Chr6g0477151"	"MtrunA17Chr6g0477151"
"MtrunA17Chr2g0329901"	"MtrunA17Chr2g0329901"
"MtrunA17Chr5g0417841"	"MtrunA17Chr5g0417841"
"MtrunA17Chr8g0389721"	"MtrunA17Chr8g0389721"
"MtrunA17Chr2g0309371"	"MtrunA17Chr2g0309371"
"MtrunA17Chr4g0004511"	"MtrunA17Chr4g0004511"
"MtrunA17Chr4g0049231"	"MtrunA17Chr4g0049231"
"MtrunA17Chr5g0426271"	"MtrunA17Chr5g0426271"
"MtrunA17Chr1g0155181"	"MtrunA17Chr1g0155181"
"MtrunA17Chr1g0208291"	"MtrunA17Chr1g0208291"
"MtrunA17Chr2g0312171"	"MtrunA17Chr2g0312171"
"MtrunA17Chr3g0113101"	"MtrunA17Chr3g0113101"
"MtrunA17Chr3g0124801"	"MtrunA17Chr3g0124801"
"MtrunA17Chr3g0130201"	"MtrunA17Chr3g0130201"
"MtrunA17Chr3g0131901"	"MtrunA17Chr3g0131901"
"MtrunA17Chr4g0066331"	"MtrunA17Chr4g0066331"
"MtrunA17Chr5g0399111"	"MtrunA17Chr5g0399111"
"MtrunA17Chr6g0453241"	"MtrunA17Chr6g0453241"
"MtrunA17Chr7g0220111"	"MtrunA17Chr7g0220111"
"MtrunA17Chr8g0392711"	"MtrunA17Chr8g0392711"
"MtrunA17Chr2g0321621"	"MtrunA17Chr2g0321621"
